calories,cook_time,directions_steps,image,image_url,ingredients_list,nutrition_facts,prep_time,recipe_tip,servings,subheading,title,total_time,yield_result
,,,,,,"[{'Fat': '1g'}, {'Carbs': '38g'}, {'Protein': '1g'}]",,,,,,,
298,,,,https://www.allrecipes.com/thmb/9ZccgcBUHlIE9GMyBGZVD_82c0U=/1500x0/filters:no_upscale():max_bytes(150000):strip_icc()/8145443-2ff858c70e42478c8cd0b9db800e1dcd.jpg,"3 cups strawberries, hulled and sliced,¼ cup confectioners' sugar,1 tablespoon brandy,1 ½ cups chilled sparkling wine,3 large whole strawberries",,10 mins,,3,,,20 mins,
,,,,,,"[{'Fat': '35g'}, {'Carbs': '27g'}, {'Protein': '26g'}]",,,,,,,
528,10 mins,,,,"¼ cup butter, softened,2 tablespoons fresh dill,1 teaspoon lemon zest,1 pinch cayenne pepper,salt and ground black pepper to taste,1 teaspoon white vinegar,1 pinch salt,4 eggs,2 English muffins, split and toasted,4 ounces sliced smoked salmon,1 pinch cayenne pepper,salt and ground black pepper to taste,4 small fresh dill sprigs",,10 mins,,2,,,20 mins,2 servings
,,,,,,"[{'Fat': '22g'}, {'Carbs': '38g'}, {'Protein': '9g'}]",,,,,,,
382,15 mins,,,,"2 large eggs,2 cups all-purpose flour,1 ¾ cups milk,½ cup vegetable oil,1 tablespoon white sugar,4 teaspoons baking powder,¼ teaspoon salt,½ teaspoon vanilla extract,nonstick cooking spray",,10 mins,,6,,,25 mins,6 waffles
,,,,,,"[{'Fat': '6g'}, {'Carbs': '34g'}, {'Protein': '11g'}]",,,,,,,
240,10 mins,,,,"⅔ cup milk,2 large eggs,1 teaspoon vanilla extract (Optional),¼ teaspoon ground cinnamon (Optional),salt to taste,6 thick slices bread,1 tablespoon unsalted butter, or more as needed",,5 mins,,3,,,15 mins,6 slices
,,,,,,"[{'Fat': '12g'}, {'Carbs': '3g'}, {'Protein': '16g'}]",,,,,,,
186,10 mins,"Beat eggs in a bowl, and stir in baby spinach and Parmesan cheese. Season with onion powder, nutmeg, salt, and pepper.,Spray a small skillet with cooking spray and place over medium heat. Once warm, add in the egg mixture and cook until partially set, about 3 minutes. Flip with a spatula, and continue cooking, 2 to 3 minutes.,Reduce heat to low and continue cooking, 2 to 3 minutes, or until omelet reaches desired doneness.",,,"2 eggs,1 cup torn baby spinach leaves,1 ½ tablespoons grated Parmesan cheese,¼ teaspoon onion powder,⅛ teaspoon ground nutmeg,salt and pepper to taste",,5 mins,,1,,,15 mins,
,,,,,,"[{'Fat': '9g'}, {'Carbs': '26g'}, {'Protein': '7g'}]",,,,,,,
216,20 mins,,,,"2 large eggs,½ cup milk,½ cup water,¼ teaspoon salt,1 cup all-purpose flour,2 tablespoons butter, melted",,10 mins,,4,,,30 mins,8 crêpes
,,,,,,"[{'Fat': '20g'}, {'Carbs': '27g'}, {'Protein': '33g'}]",,,,,,,
421,50 mins,,,https://www.allrecipes.com/thmb/z-H16a07AqRZjAmTM5Ko4zrAmKg=/1500x0/filters:no_upscale():max_bytes(150000):strip_icc()/2067307-3814bac5191a42caad0e604d01f78ffa.jpg,"1 pound ground sirloin,½ cup panko bread crumbs,1 egg, beaten,2 tablespoons milk,½ (1 ounce) package dry onion soup mix,1 teaspoon Worcestershire sauce,¼ teaspoon ground black pepper,3 tablespoons butter,2 cups fresh mushrooms, sliced,1 sweet onion, sliced,3 tablespoons all-purpose flour,½ (1 ounce) package dry onion soup mix,1 ½ cups beef stock,1 cup water,salt and ground black pepper to taste",,10 mins,,5,,,1 hr,
,,,,,,"[{'Fat': '40g'}, {'Carbs': '86g'}, {'Protein': '7g'}]",,,,,,,
719,1 hr,,,,"3 cups all-purpose flour,2 cups white sugar,1 teaspoon baking soda,1 teaspoon salt,2 cups mashed bananas,1 ½ cups canola oil,1 cup chopped black walnuts,1 (8 ounce) can crushed pineapple, drained,3 large eggs,1 pound confectioners' sugar,1 (8 ounce) package cream cheese, softened,¼ pound butter, softened,1 teaspoon vanilla extract",,20 mins,,15,,,1 hr 20 mins,1 2-layer (9-inch) cake
,,,,,,"[{'Fat': '29g'}, {'Carbs': '18g'}, {'Protein': '24g'}]",,,,,,,
422,15 mins,,,,"¼ cup butter, melted,3 tablespoons Dijon mustard,1 ½ tablespoons honey,¼ cup dry bread crumbs,¼ cup finely chopped pecans,4 teaspoons chopped fresh parsley,4 (4 ounce) fillets salmon,salt and pepper to taste,1 lemon, for garnish",,15 mins,,4,,,30 mins,
,,,,,,"[{'Fat': '20g'}, {'Carbs': '56g'}, {'Protein': '8g'}]",,,,,,,
429,1 hr 25 mins,,,https://www.allrecipes.com/thmb/gKbDZ4v-Cyyt2V3ts-1JbigvSxE=/1500x0/filters:no_upscale():max_bytes(150000):strip_icc()/7953233-1c5189a59a8b4acb8fb452f085b8d3d3.jpg,"2 ½ cups frozen strawberries,4 ½ teaspoons white sugar,1 ½ teaspoons freshly squeezed lime juice,3 cups all-purpose flour,½ teaspoon baking soda,½ teaspoon baking powder,½ teaspoon salt,1 ½ cups white sugar,1 cup unsalted butter, softened,6 large eggs, at room temperature,¼ cup freshly squeezed lime juice,2 tablespoons lime zest,1 teaspoon vanilla extract,1 cup whole-milk plain Greek yogurt, at room temperature,⅓ cup finely chopped fresh mint leaves",,30 mins,,12,,,2 hrs 25 mins,1 Bundt(R) cake
,,,,,,"[{'Fat': '4g'}, {'Carbs': '10g'}, {'Protein': '4g'}]",,,,,,,
94,25 mins,,,,"1 cup all-purpose flour,1 teaspoon white sugar,¼ teaspoon salt,3 eggs,2 cups milk,2 tablespoons butter, melted",,5 mins,,12,,,30 mins,12 crêpes
,,,,,,"[{'Fat': '18g'}, {'Carbs': '3g'}, {'Protein': '10g'}]",,,,,,,
212,16 mins,,,https://www.allrecipes.com/thmb/5P2xjjoAMINJ4rYN6VemqAALi8s=/1500x0/filters:no_upscale():max_bytes(150000):strip_icc()/804307-e638e34a16bf45fe957aebf5173e1860.jpg,"6 eggs,¼ cup mayonnaise,1 teaspoon Dijon mustard,½ teaspoon prepared yellow mustard,½ lemon, juiced,¼ cup chopped green onions,salt and pepper to taste",,5 mins,,4,,,21 mins,4 servings
,,,,,,"[{'Fat': '19g'}, {'Carbs': '13g'}, {'Protein': '6g'}]",,,,,,,
231,,,,https://www.allrecipes.com/thmb/7xJK2OwFQW-CIByeDf8hT1I4_40=/1500x0/filters:no_upscale():max_bytes(150000):strip_icc()/4543038-4145b81bd8c042248c2910932c993e9a.jpg,"2 cups chopped raw cashews,water to cover,1 tablespoon nutritional yeast (Optional),2 teaspoons apple cider vinegar,1 teaspoon miso paste,½ teaspoon vegetable oil,½ teaspoon salt, or to taste,3 tablespoons finely chopped walnuts,1 tablespoon finely chopped hazelnuts,1 tablespoon finely chopped dried cranberries,1 tablespoon finely chopped fresh rosemary",,15 mins,,8,,,6 hrs 15 mins,
,,,,,,"[{'Fat': '24g'}, {'Carbs': '5g'}, {'Protein': '11g'}]",,,,,,,
274,,,,,"2 ½ cups diced and chilled, cooked chicken meat,1 cup chopped celery,1 cup sliced, seedless grapes,½ cup sliced almonds,2 tablespoons chopped fresh parsley,1 teaspoon salt,1 cup mayonnaise,¼ cup heavy whipping cream",,20 mins,,10,,,20 mins,10 servings
,,,,,,"[{'Fat': '28g'}, {'Carbs': '26g'}, {'Protein': '11g'}]",,,,,,,
,,,,,,"[{'Fat': '0g'}, {'Carbs': '94g'}, {'Protein': '1g'}]",,,,,,,
400,10 mins,,,,"4 slices white bread,3 tablespoons butter, divided,2 slices Cheddar cheese",,5 mins,,2,,,15 mins,
363,,,,https://www.allrecipes.com/thmb/w9Q2UHRy-eVwM0bljfTzmlbU6ZA=/1500x0/filters:no_upscale():max_bytes(150000):strip_icc()/4931121-f7573e5281fc41179f64b7854a63b88c.jpg,"2 (8 ounce) packages fresh cranberries,6 medium fresh jalapeño peppers, seeded and minced,1 bunch fresh cilantro, roughly chopped,1 ½ cups white sugar,2 medium limes, juiced,1 ½ teaspoons salt,¾ teaspoon ground black pepper",,15 mins,,4,,,15 mins,
,,,,,,"[{'Fat': '25g'}, {'Carbs': '19g'}, {'Protein': '18g'}]",,,,,,,
372,1 hr,,,,"1 ½ pounds ground beef,1 egg,1 onion, chopped,1 cup milk,1 cup dried bread crumbs,salt and pepper to taste,⅓ cup ketchup,2 tablespoons brown sugar,2 tablespoons prepared mustard",,15 mins,,8,,,1 hr 15 mins,
,,,,,,"[{'Fat': '9g'}, {'Carbs': '26g'}, {'Protein': '16g'}]",,,,,,,
248,1 hr 25 mins,,,,"1 cup cold water,½ cup uncooked long grain white rice,1 tablespoon vegetable oil,1 pound ground beef,6 medium green bell peppers,16 ounces tomato sauce, divided,1 tablespoon Worcestershire sauce,¼ teaspoon garlic powder,¼ teaspoon onion powder,salt and ground black pepper to taste,1 teaspoon Italian seasoning",,5 mins,,6,,,1 hr 30 mins,6 stuffed peppers
,,,,,,"[{'Fat': '22g'}, {'Carbs': '30g'}, {'Protein': '41g'}]",,,,,,,
489,35 mins,,,,"1 (4 pound) chicken, cut into pieces,1 cup buttermilk,2 cups all-purpose flour for coating,1 teaspoon paprika,salt and pepper to taste,2 quarts vegetable oil for frying",,15 mins,,8,,,1 hr 20 mins,
,,,,,,"[{'Fat': '33g'}, {'Carbs': '82g'}, {'Protein': '10g'}]",,,,,,,
639,10 mins,,,https://www.allrecipes.com/thmb/mTX8-ceYNTVSvGnEOrD4_Onwg0o=/1500x0/filters:no_upscale():max_bytes(150000):strip_icc()/829140-708a2ac0c87e4601874eecffa879ea34.jpg,"1 cup chocolate hazelnut spread,4 (7 inch) pre-made crepes,4 bananas, sliced,1 (7 ounce) can pressurized whipped cream",,10 mins,,4,,,20 mins,4 servings
,,,,,,"[{'Fat': '30g'}, {'Carbs': '59g'}, {'Protein': '50g'}]",,,,,,,
715,10 mins,,,,"⅓ cup chicken broth,1 tablespoon oyster sauce,1 tablespoon soy sauce, or as needed,2 teaspoons fish sauce,1 teaspoon white sugar,1 teaspoon brown sugar,2 tablespoons vegetable oil,1 pound skinless, boneless chicken thighs, coarsely chopped,¼ cup sliced shallots,4 cloves garlic, minced,2 tablespoons minced Thai chilies, Serrano, or other hot pepper,1 cup very thinly sliced fresh basil leaves,2 cups hot cooked rice",,15 mins,,2,,,25 mins,2 servings
,,,,,,"[{'Fat': '8g'}, {'Carbs': '4g'}, {'Protein': '27g'}]",,,,,,,
200,10 mins,,,,"¼ cup orange juice,¼ cup soy sauce,2 tablespoons olive oil,2 tablespoons chopped fresh parsley,1 tablespoon lemon juice,1 clove garlic, minced,½ teaspoon chopped fresh oregano,½ teaspoon ground black pepper,4 (4 ounce) tuna steaks",,10 mins,,4,,,50 mins,
,,,,,,"[{'Fat': '19g'}, {'Carbs': '14g'}, {'Protein': '23g'}]",,,,,,,
319,25 mins,,,,"1 pound ground beef,¼ cup bread crumbs,1 egg,1 teaspoon Worcestershire sauce,½ teaspoon seasoned salt,½ teaspoon onion powder,½ teaspoon garlic powder,⅛ teaspoon ground black pepper,1 tablespoon vegetable oil,1 cup thinly sliced onion,2 tablespoons all-purpose flour,1 cup beef broth,1 tablespoon cooking sherry,½ teaspoon seasoned salt",,15 mins,,4,,,40 mins,
,,,,,,"[{'Fat': '0g'}, {'Carbs': '20g'}, {'Protein': '0g'}]",,,,,,,
77,15 mins,,,https://www.allrecipes.com/thmb/9uvMAtWU5BE-zgnoNbKeD_B-CZ4=/1500x0/filters:no_upscale():max_bytes(150000):strip_icc()/3801663-522ee49a6a9b432e8352bb201fb0021e.jpg,"¾ cup fresh blueberries,½ cup white sugar,¼ cup water,1 teaspoon cornstarch (Optional)",,5 mins,,6,,,20 mins,
,,,,,,"[{'Fat': '6g'}, {'Carbs': '1g'}, {'Protein': '0g'}]",,,,,,,
54,,,,,"1 cup heavy cream,1 tablespoon confectioners' sugar,1 teaspoon vanilla extract",,5 mins,,16,,,5 mins,
,,,,,,"[{'Fat': '0g'}, {'Carbs': '21g'}, {'Protein': '0g'}]",,,,,,,
86,,,,https://www.allrecipes.com/thmb/Fv2Eka1dwG2SuLF6ghF1QqBBosU=/1500x0/filters:no_upscale():max_bytes(150000):strip_icc()/9838_Vanilla-Glaze_Dianne_753814_original-4x3-1-6aef4c4b51534de4b945d11b4793fbd3.jpg,"1 ½ cups confectioners' sugar,2 ½ teaspoons milk,1 teaspoon unsalted butter, melted,¼ teaspoon vanilla extract,⅛ teaspoon salt",,5 mins,,8,,,5 mins,1 cup
,,,,,,"[{'Fat': '25g'}, {'Carbs': '58g'}, {'Protein': '28g'}]",,,,,,,
578,45 mins,,,,"1 pound dry ziti pasta,1 onion, chopped,1 pound lean ground beef,2 (26 ounce) jars spaghetti sauce,6 ounces provolone cheese, sliced,1 ½ cups sour cream,6 ounces mozzarella cheese, shredded,2 tablespoons grated Parmesan cheese",,15 mins,,10,,,1 hr,1 9x13-inch casserole
,,,,,,"[{'Fat': '24g'}, {'Carbs': '17g'}, {'Protein': '19g'}]",,,,,,,
345,40 mins,,,,"1 pound ground beef,1 (10.5 ounce) can condensed cream of mushroom soup,salt and ground black pepper to taste,1 (16 ounce) package frozen tater tots,2 cups shredded Cheddar cheese",,5 mins,,4,,,45 mins,
,,,,,,"[{'Fat': '38g'}, {'Carbs': '15g'}, {'Protein': '100g'}]",,,,,,,
828,4 hrs,,,,"1 (18 pound) whole turkey,8 cups prepared stuffing,½ cup unsalted butter, softened,salt and freshly ground black pepper to taste,1 ½ quarts turkey stock, divided",,25 mins,,24,,,4 hrs 45 mins,
,,,,,,"[{'Fat': '24g'}, {'Carbs': '79g'}, {'Protein': '24g'}]",,,,,,,
630,3 hrs 5 mins,,,,"1 pound dry kidney beans,¼ cup olive oil,1 large onion, chopped,1 green bell pepper, chopped,2 stalks celery, chopped,2 tablespoons minced garlic,6 cups water,2 bay leaves,1 tablespoon dried parsley,1 teaspoon dried thyme,1 teaspoon Cajun seasoning,½ teaspoon cayenne pepper,¼ teaspoon dried sage,1 pound andouille sausage, sliced,4 cups water,2 cups long grain white rice",,25 mins,,8,,,11 hrs 30 mins,8 servings
,,,,,,"[{'Fat': '5g'}, {'Carbs': '11g'}, {'Protein': '3g'}]",,,,,,,
98,50 mins,,,https://www.allrecipes.com/thmb/P63eYYbOoX12WPf0DdbxLqpalTA=/1500x0/filters:no_upscale():max_bytes(150000):strip_icc()/2170605-3451cb24f38d4d9d9aa2a2ff6170d0d3.jpg,"1 pound carrots, peeled,1 tablespoon olive oil,½ teaspoon garlic salt,¼ cup grated Parmesan cheese, or more to taste",,10 mins,,4,,,1 hr,4 servings
,,,,,,"[{'Fat': '19g'}, {'Carbs': '58g'}, {'Protein': '22g'}]",,,,,,,
,,,,,,"[{'Fat': '43g'}, {'Carbs': '0g'}, {'Protein': '92g'}]",,,,,,,
511,20 mins,,,,"1 (16 ounce) package linguine pasta,2 tablespoons butter,2 tablespoons extra-virgin olive oil,2 shallots, finely diced,2 cloves garlic, minced,1 pinch red pepper flakes (Optional),1 pound shrimp, peeled and deveined,1 pinch kosher salt and freshly ground pepper,½ cup dry white wine,1 lemon, juiced,2 tablespoons butter,2 tablespoons extra-virgin olive oil,¼ cup finely chopped fresh parsley leaves,1 teaspoon extra-virgin olive oil, or to taste",,20 mins,,6,,,40 mins,6 servings
777,1 hr 45 mins,,,,"1 (10 pound) whole turkey,½ cup olive oil,1 tablespoon chopped fresh sage,1 tablespoon fresh thyme leaves,1 tablespoon finely chopped fresh rosemary,1 tablespoon salt,1 teaspoon crushed black pepper",,15 mins,,10,,,2 hrs 10 mins,
,,,,,,"[{'Fat': '3g'}, {'Carbs': '38g'}, {'Protein': '4g'}]",,,,,,,
193,10 mins,,,,"2 ½ pounds russet potatoes, peeled,1 cup vegetable oil for frying,1 cup all-purpose flour,1 teaspoon garlic salt,1 teaspoon onion salt,1 teaspoon paprika,1 teaspoon salt,½ cup water, or as needed",,15 mins,,8,,,25 mins,
,,,,,,"[{'Fat': '4g'}, {'Carbs': '8g'}, {'Protein': '5g'}]",,,,,,,
68,5 mins,,,https://www.allrecipes.com/thmb/YlLIA6b9Wkgv3d3ikty-5849nqk=/1500x0/filters:no_upscale():max_bytes(150000):strip_icc()/762479-84550d6c45d04866b0646d786b840f62.jpg,"1 tablespoon unsalted butter,6 cloves garlic, thinly sliced,2 (10 ounce) bags fresh spinach,½ medium lemon, juiced,½ teaspoon garlic salt, or to taste",,5 mins,,4,,,10 mins,
,,,,,,"[{'Fat': '26g'}, {'Carbs': '58g'}, {'Protein': '32g'}]",,,,,,,
595,20 mins,,,,"1 (12 ounce) package egg noodles,2 (10.5 ounce) cans condensed cream of mushroom soup,2 cups shredded Cheddar cheese, divided,2 (5 ounce) cans tuna, drained,1 cup frozen green peas,½ (4.5 ounce) can sliced mushrooms,¼ cup chopped onion,1 cup crushed potato chips",,10 mins,,6,,,30 mins,
,,,,,,"[{'Fat': '2g'}, {'Carbs': '26g'}, {'Protein': '5g'}]",,,,,,,
133,20 mins,,,https://www.allrecipes.com/thmb/Oz_-CuscOy7B1dx00uhklLIWG_w=/1500x0/filters:no_upscale():max_bytes(150000):strip_icc()/1158677-7875f76afdfc42309c1685825c6d8e3b.jpg,"1 (16 ounce) package frozen Fordhook lima beans, thawed,1 cup water,1 (16 ounce) can whole kernel corn, drained,1 (4 ounce) can chopped green chile peppers,1 teaspoon salt,2 tablespoons white sugar,1 tablespoon butter (Optional)",,5 mins,,8,,,25 mins,8 servings
,,,,,,"[{'Fat': '34g'}, {'Carbs': '16g'}, {'Protein': '6g'}]",,,,,,,
384,15 mins,,,,"6 cloves garlic, peeled, divided,¾ cup mayonnaise,6 tablespoons grated Parmesan cheese, divided,5 anchovy fillets, minced,1 tablespoon lemon juice, or more to taste,1 teaspoon Worcestershire sauce,1 teaspoon Dijon mustard,salt and ground black pepper to taste,¼ cup olive oil,4 cups day-old bread, cubed,1 head romaine lettuce, torn into bite-sized pieces",,20 mins,,6,,,35 mins,
,,,,,,"[{'Fat': '16g'}, {'Carbs': '15g'}, {'Protein': '6g'}]",,,,,,,
224,30 mins,,,,"4 cups sliced yellow squash,½ cup chopped onion,¼ cup water, or more as needed,35 buttery round crackers, crushed,1 cup shredded Cheddar cheese,2 large eggs, beaten,¾ cup milk,¼ cup butter, melted,1 teaspoon salt,ground black pepper to taste,2 tablespoons butter",,20 mins,,10,,,50 mins,1 (9x13-inch) casserole
,,,,,,"[{'Fat': '33g'}, {'Carbs': '37g'}, {'Protein': '28g'}]",,,,,,,
561,45 mins,,,,"2 tablespoons butter,¼ cup finely chopped onion,2 tablespoons all-purpose flour,2 cups milk,¾ teaspoon salt,½ teaspoon dry mustard,¼ teaspoon ground black pepper,1 (8 ounce) package elbow macaroni,2 cups shredded sharp Cheddar cheese,1 (8 ounce) package processed American cheese, cut into strips",,10 mins,,6,,,1 hr 5 mins,
,,,,,,"[{'Fat': '1g'}, {'Carbs': '12g'}, {'Protein': '2g'}]",,,,,,,
63,1 hr,,,https://www.allrecipes.com/thmb/1cRyH7S_GpiLN4pPI3tR5-7BdYI=/1500x0/filters:no_upscale():max_bytes(150000):strip_icc()/1990237-turkey-stock-Rebekah-Rose-Hills-4x3-1-7486363818bd44d3a89ece19391d9500.jpg,"1 turkey carcass,3 onions, coarsely chopped,1 pound carrots, coarsely chopped,1 bunch celery, coarsely chopped,1 green bell pepper, coarsely chopped,3 cloves garlic,4 cubes  chicken bouillon,1 tablespoon whole black peppercorns, or to taste,3 bay leaves,water to cover",,15 mins,,12,,,1 hr 30 mins,
,,,,,,"[{'Fat': '11g'}, {'Carbs': '34g'}, {'Protein': '5g'}]",,,,,,,
247,15 mins,,,https://www.allrecipes.com/thmb/ytnCq3jVoAyGzGxm_oZxqGI-HCU=/1500x0/filters:no_upscale():max_bytes(150000):strip_icc()/18290-garlic-mashed-potatoes-ddmfs-beauty2-4x3-0327-2-47384a10cded40ae90e574bc7fdb9433.jpg,"2 pounds Yukon gold potatoes, peeled and cut into 1 ½-inch pieces,5 large garlic  , peeled and smashed,1  tablespoon kosher salt,⅓ cup unsalted butter, cut into 8 pieces, plus more for serving,¾ cup whole milk,1 teaspoon kosher salt,¼ teaspoon ground white pepper",,10 mins,,6,,,25 mins,
,,,,,,"[{'Fat': '4g'}, {'Carbs': '5g'}, {'Protein': '3g'}]",,,,,,,
55,5 mins,,,,"1 pound fresh asparagus spears, trimmed,1 tablespoon olive oil,salt and pepper to taste",,10 mins,,4,,,15 mins,
,,,,,,"[{'Fat': '11g'}, {'Carbs': '5g'}, {'Protein': '3g'}]",,,,,,,
123,15 mins,,,,"1 bunch thin asparagus spears, trimmed,3 tablespoons olive oil,1 ½ tablespoons grated Parmesan cheese (Optional),1 clove garlic, minced (Optional),1 teaspoon sea salt,½ teaspoon ground black pepper,1 tablespoon lemon juice (Optional)",,10 mins,,4,,,25 mins,
,,,,,,"[{'Fat': '19g'}, {'Carbs': '5g'}, {'Protein': '4g'}]",,,,,,,
199,10 mins,,,,"3 tablespoons olive oil,3 tablespoons butter,1 pound button mushrooms, sliced,1 tablespoon red cooking wine,1 tablespoon teriyaki sauce, or more to taste,1 clove garlic, thinly sliced,¼ teaspoon garlic salt, or to taste,freshly ground black pepper to taste",,10 mins,,4,,,20 mins,
,,,,,,"[{'Fat': '36g'}, {'Carbs': '88g'}, {'Protein': '32g'}]",,,,,,,
807,15 mins,,,,"1 pound spaghetti,6 tablespoons olive oil,2 cloves garlic, minced,2 teaspoons ground black pepper,1 ¾ cups grated Pecorino Romano cheese",,5 mins,,4,,,20 mins,
,,,,,,"[{'Fat': '7g'}, {'Carbs': '44g'}, {'Protein': '6g'}]",,,,,,,
257,20 mins,,,,"2 pounds baking potatoes, peeled and quartered,3 cloves garlic, peeled, or to taste (Optional),1 cup milk,2 tablespoons butter,salt and ground black pepper to taste",,15 mins,,4,,,35 mins,
,,,,,,"[{'Fat': '2g'}, {'Carbs': '7g'}, {'Protein': '3g'}]",,,,,,,
49,15 mins,,,,"2 heads broccoli, separated into florets,2 teaspoons extra-virgin olive oil,1 teaspoon sea salt,½ teaspoon ground black pepper,1 clove garlic, minced,½ teaspoon lemon juice",,10 mins,,6,,,25 mins,
,,,,,,"[{'Fat': '7g'}, {'Carbs': '41g'}, {'Protein': '9g'}]",,,,,,,
260,15 mins,,,https://www.allrecipes.com/thmb/PaDFedp1l2MH8fj0W8mTWIUpuoU=/1500x0/filters:no_upscale():max_bytes(150000):strip_icc()/7804319-ee8ee8ad960145879b7fe5b320f77bd9.jpg,"2 tablespoons butter,2 (14 ounce) cans chicken broth,1 teaspoon chicken bouillon granules,1 (12 ounce) package egg noodles",,5 mins,,6,,,50 mins,6 servings
,,,,,,"[{'Fat': '20g'}, {'Carbs': '42g'}, {'Protein': '5g'}]",,,,,,,
358,20 mins,,,,"1 cup all-purpose flour,1 cup yellow cornmeal,¼ cup white sugar,1 tablespoon baking powder,1 cup heavy cream,2 large eggs, lightly beaten,¼ cup vegetable oil,¼ cup honey",,10 mins,,8,,,30 mins,1 9x9-inch pan
,,,,,,"[{'Fat': '9g'}, {'Carbs': '8g'}, {'Protein': '4g'}]",,,,,,,
127,1 hr,,,,"1 tablespoon olive oil,3 slices bacon,1 large onion, chopped,2 cloves garlic, minced,1 pound fresh collard greens, cut into 2-inch pieces,3 cups chicken broth,1 teaspoon salt,1 teaspoon pepper,1 pinch red pepper flakes",,10 mins,,6,,,1 hr 10 mins,
,,,,,,"[{'Fat': '24g'}, {'Carbs': '19g'}, {'Protein': '18g'}]",,,,,,,
370,8 hrs,,,,"1 tablespoon dried thyme leaves,1 tablespoon paprika,2 teaspoons freshly ground black pepper,2 teaspoons salt,1 teaspoon onion powder,½ teaspoon garlic powder,½ teaspoon cayenne pepper,½ teaspoon ground cumin,3 pounds beef brisket, trimmed of fat,½ teaspoon liquid smoke flavoring,2 tablespoons Worcestershire sauce,1 ½ cups barbeque sauce",,10 mins,,8,,,8 hrs 10 mins,
,,,,,,"[{'Fat': '85g'}, {'Carbs': '56g'}, {'Protein': '66g'}]",,,,,,,
1262,25 mins,,,,"1 (3 1/2) pound chicken, cut into 8 pieces,1 teaspoon black pepper,1 teaspoon salt,1 teaspoon paprika,½ teaspoon white pepper,¼ teaspoon dried rosemary,¼ teaspoon ground thyme,¼ teaspoon dried oregano,¼ teaspoon dried sage,¼ teaspoon cayenne pepper,2 cups buttermilk,2 cups flour,1 teaspoon salt,½ teaspoon paprika,½ teaspoon cayenne pepper,½ teaspoon garlic powder,½ teaspoon white pepper,½ teaspoon onion powder,2 ½ quarts peanut oil for frying",,15 mins,,4,,,6 hrs 50 mins,8 pieces
,,,,,,"[{'Fat': '1g'}, {'Carbs': '33g'}, {'Protein': '6g'}]",,,,,,,
166,55 mins,,,https://www.allrecipes.com/thmb/VfiUA602rxADuUEXzQbGJKkIGUQ=/1500x0/filters:no_upscale():max_bytes(150000):strip_icc()/9150360-6443cc4a5d064153990426d804de81c4.jpg,"4 cups bread flour,1 ½ cups water,2 teaspoons salt,1 teaspoon active dry yeast,cooking spray",,30 mins,,12,,,3 hrs 10 mins,1 loaf
,,,,,,"[{'Fat': '9g'}, {'Carbs': '9g'}, {'Protein': '2g'}]",,,,,,,
115,10 mins,,,,"1 pound fresh green beans, trimmed and snapped in half,3 tablespoons butter,3 cloves garlic, minced,⅛ teaspoon lemon-pepper seasoning, or more to taste,salt to taste",,5 mins,,4,,,15 mins,
,,,,,,"[{'Fat': '33g'}, {'Carbs': '10g'}, {'Protein': '8g'}]",,,,,,,
362,,,,https://www.allrecipes.com/thmb/mXZ0Tulwn3x9_YB_ZbkiTveDYFE=/1500x0/filters:no_upscale():max_bytes(150000):strip_icc()/229063-Classic-Restaurant-Caesar-Salad-ddmfs-4x3-231-89bafa5e54dd4a8c933cf2a5f9f12a6f.jpg,"3 anchovy fillets,2 cloves garlic, finely chopped,½ lemon, juiced,2 tablespoons red wine vinegar,1 large egg yolk,1 tablespoon Dijon mustard,1 dash Worcestershire sauce,¼ cup olive oil,salt and ground black pepper to taste,½ head romaine lettuce, chopped,¼ cup grated Parmesan cheese,2 tablespoons croutons",,20 mins,,2,,,20 mins,
,,,,,,"[{'Fat': '20g'}, {'Carbs': '19g'}, {'Protein': '15g'}]",,,,,,,
324,1 hr 15 mins,,,,"1 pound sweet Italian sausage, casings removed,1 cup chopped onion,2 cloves garlic, minced,5 cups beef broth,4 large tomatoes - peeled, seeded and chopped,1 (8 ounce) can tomato sauce,1 cup thinly sliced carrots,½ cup water,½ cup red wine,½ tablespoon packed fresh basil leaves,½ teaspoon dried oregano,1 ½ cups sliced zucchini,3 tablespoons chopped fresh parsley,8 ounces fresh tortellini pasta",,20 mins,,8,,,1 hr 35 mins,
,,,,,,"[{'Fat': '4g'}, {'Carbs': '9g'}, {'Protein': '2g'}]",,,,,,,
80,30 mins,,,,"4 cups chopped fresh tomatoes,2 cups chicken broth,4 cloves garlic,1 large slice of onion,2 tablespoons butter,2 tablespoons all-purpose flour,2 teaspoons white sugar, or to taste,1 teaspoon salt, or to taste",,5 mins,,6,,,35 mins,
,,,,,,"[{'Fat': '22g'}, {'Carbs': '36g'}, {'Protein': '12g'}]",,,,,,,
381,15 mins,,,,"5 pounds Yukon Gold potatoes,2 cups Parmesan cheese,1 ½ cups cream cheese,1 cup chopped fresh chives,½ cup butter,½ medium head garlic, peeled and minced,1 pinch salt and pepper to taste",,5 mins,,12,,,20 mins,
,,,,,,"[{'Fat': '9g'}, {'Carbs': '49g'}, {'Protein': '31g'}]",,,,,,,
394,20 mins,,,,"1 pound ground beef,1 onion, chopped,1 (15 ounce) can tomato sauce,1 (15 ounce) can kidney beans,1 (14.5 ounce) can stewed tomatoes,1 ½ cups water, or as needed (Optional),1 pinch chili powder, or more to taste,1 pinch garlic powder,salt and pepper to taste",,10 mins,,6,,,30 mins,
,,,,,,"[{'Fat': '54g'}, {'Carbs': '15g'}, {'Protein': '34g'}]",,,,,,,
676,20 mins,,,https://www.allrecipes.com/thmb/esndEsjE1P6RnTApRQGdEIqaCto=/1500x0/filters:no_upscale():max_bytes(150000):strip_icc()/1015411-c35ca0901c314e10b16926bada85f830.jpg,"½ cup olive oil,¼ cup Worcestershire sauce,6 tablespoons soy sauce,3 tablespoons steak seasoning,3 tablespoons steak sauce (e.g. A-1),2 tablespoons salt,1 tablespoon pepper,1 tablespoon crushed dried rosemary,12 cloves garlic, roughly chopped,½ medium onion, chopped,4 (10 ounce) Delmonico (rib-eye) steaks",,15 mins,,4,,,3 hrs 35 mins,
,,,,,,"[{'Fat': '5g'}, {'Carbs': '12g'}, {'Protein': '4g'}]",,,,,,,
106,15 mins,,,https://www.allrecipes.com/thmb/uZJHL9OpmAf-kjbSTxA5ee08dKQ=/1500x0/filters:no_upscale():max_bytes(150000):strip_icc()/2432901-italian-peas-Allrecipes-Magazine-4x3-1-a69276aa176b4f34a1f323ae704fce77.jpg,"2 tablespoons olive oil,1 onion, chopped,2 cloves garlic, minced,16 ounces frozen green peas,1 tablespoon chicken stock,salt and ground black pepper to taste",,5 mins,,6,,,20 mins,
,,,,,,"[{'Fat': '52g'}, {'Carbs': '3g'}, {'Protein': '36g'}]",,,,,,,
613,35 mins,,,,"6 tablespoons light olive oil,2 cloves garlic, minced,1 tablespoon lemon juice,1 tablespoon fresh parsley, chopped,1 teaspoon dried basil,1 teaspoon salt,1 teaspoon ground black pepper,2 (6 ounce) fillets salmon",,15 mins,,2,,,1 hr 50 mins,
,,,,,,"[{'Fat': '20g'}, {'Carbs': '0g'}, {'Protein': '37g'}]",,,,,,,
335,1 hr,,,,"1 ½ tablespoons fresh rosemary,2 teaspoons garlic salt,½ teaspoon dried thyme,¼ teaspoon freshly ground black pepper,3 pounds boneless pork loin roast",,15 mins,,6,,,1 hr 15 mins,
,,,,,,"[{'Fat': '13g'}, {'Carbs': '14g'}, {'Protein': '30g'}]",,,,,,,
290,20 mins,,,,"½ cup ketchup,2 ⅔ tablespoons honey,2 tablespoons low-sodium soy sauce,2 cloves garlic, crushed,6 (4 ounce) (1-inch thick) pork chops",,10 mins,,6,,,30 mins,
,,,,,,"[{'Carbs': '5g'}, {'Protein': '0g'}]",,,,,,,
21,6 mins,,,,"1 cup water,¼ cup soy sauce,5 teaspoons packed brown sugar,1 tablespoon honey, or more to taste,½ teaspoon ground ginger,¼ teaspoon garlic powder,2 tablespoons cornstarch,¼ cup cold water",,5 mins,,12,,,11 mins,2 cups
,,,,,,"[{'Fat': '41g'}, {'Carbs': '6g'}, {'Protein': '22g'}]",,,,,,,
481,20 mins,,,,"½ cup fresh bread crumbs,2 tablespoons minced garlic,2 tablespoons chopped fresh rosemary,1 teaspoon salt,¼ teaspoon black pepper,2 tablespoons olive oil,1 (7 bone) rack of lamb, trimmed and frenched,1 teaspoon salt,1 teaspoon black pepper,2 tablespoons olive oil,1 tablespoon Dijon mustard",,15 mins,,4,,,45 mins,
,,,,,,"[{'Fat': '7g'}, {'Carbs': '28g'}, {'Protein': '3g'}]",,,,,,,
189,20 mins,,,,"1 cup all-purpose flour,1 cup yellow cornmeal,⅔ cup white sugar,3 ½ teaspoons baking powder,1 teaspoon salt,1 cup milk,⅓ cup vegetable oil,1 large egg",,10 mins,,12,,,30 mins,1 (9-inch) round cornbread
,,,,,,"[{'Fat': '43g'}, {'Carbs': '22g'}, {'Protein': '24g'}]",,,,,,,
610,1 hr 15 mins,,,,"2 cups chicken broth,½ cup chopped onion,2 cloves garlic, minced,1 cup white wine,½ cup sliced fresh mushrooms, or more to taste,1 teaspoon dried rosemary,1 teaspoon dried sage,1 cup heavy cream,2 tablespoons butter,½ lemon, juiced,1 tablespoon capers, drained,½ cup cornstarch, or as needed,4 skinless, boneless chicken thighs,2 tablespoons olive oil",,10 mins,,4,,,1 hr 25 mins,4 servings
,,,,,,"[{'Fat': '15g'}, {'Carbs': '23g'}, {'Protein': '58g'}]",,,,,,,
476,45 mins,,,,"4 whole skin-on, bone-in chicken breasts,1 cup barbecue sauce (such as Sweet Baby Ray's®),kosher salt and coarsely ground black pepper to taste",,10 mins,,4,,,55 mins,4 servings
,,,,,,"[{'Fat': '5g'}, {'Carbs': '12g'}, {'Protein': '8g'}]",,,,,,,
123,,,,https://www.allrecipes.com/thmb/EFBmTmWMxhuQFhJbThf6pacX_rk=/1500x0/filters:no_upscale():max_bytes(150000):strip_icc()/605623-859fb151669d44d3b3b8320c59444831.jpg,"1 cup milk,1 tablespoon lemon juice",,5 mins,,1,,,10 mins,1 cup
,,,,,,"[{'Fat': '45g'}, {'Carbs': '50g'}, {'Protein': '35g'}]",,,,,,,
752,25 mins,,,https://www.allrecipes.com/thmb/EzrjmIs4DMPnU17glUAGOzPJDAA=/1500x0/filters:no_upscale():max_bytes(150000):strip_icc()/258344lazy-chicken-parmesan-grilled-cheesefiremon4x3-1e821c92121f4bf58cb7610482dacd43.jpg,"2 frozen breaded chicken patties (such as Tyson®),2 tablespoons garlic butter, or to taste,4 slices Italian bread,1 cup marinara sauce,½ teaspoon dried basil, or to taste,1 pinch garlic salt, or to taste,6 thin slices  provolone cheese,2 tablespoons shredded Parmesan cheese",,10 mins,,2,,,35 mins,2 servings
,,,,,,"[{'Fat': '12g'}, {'Carbs': '77g'}, {'Protein': '68g'}]",,,,,,,
700,20 mins,,,,"4 cups water,2 cups white rice,⅔ cup soy sauce,¼ cup brown sugar,1 tablespoon cornstarch,1 tablespoon minced fresh ginger,1 tablespoon minced garlic,¼ teaspoon red pepper flakes,3 skinless, boneless chicken breast halves, thinly sliced,2 tablespoons sesame oil, divided,1 head broccoli, broken into florets,1 onion, cut into large chunks,1 cup sliced carrots,1 (8 ounce) can sliced water chestnuts, drained,1 green bell pepper, cut into matchsticks",,20 mins,,6,,,40 mins,
,,,,,,"[{'Fat': '12g'}, {'Carbs': '1g'}, {'Protein': '28g'}]",,,,,,,
232,20 mins,,,,"¼ teaspoon garlic powder,¼ teaspoon onion powder,¼ teaspoon paprika,lemon pepper to taste,sea salt to taste,2 pounds sea bass,3 tablespoons butter,2 large cloves garlic, chopped,1 tablespoon chopped Italian flat leaf parsley,1 ½ tablespoons extra virgin olive oil",,20 mins,,6,,,40 mins,
,,,,,,"[{'Fat': '29g'}, {'Carbs': '61g'}, {'Protein': '32g'}]",,,,,,,
641,5 mins,,,,"1 focaccia bread, quartered,½ cup prepared basil pesto,1 cup diced cooked chicken,½ cup diced green bell pepper,¼ cup diced red onion,1 cup shredded Monterey Jack cheese",,15 mins,,4,,,20 mins,4 servings
,,,,,,"[{'Fat': '28g'}, {'Carbs': '29g'}, {'Protein': '18g'}]",,,,,,,
439,10 mins,,,https://www.allrecipes.com/thmb/fhFA3RhualUOwZxXYHig8ixD54M=/1500x0/filters:no_upscale():max_bytes(150000):strip_icc()/4543157-e47cd201c0e34de0b63c70f62ccbe2ce.jpg,"4 slices bacon,2 leaves lettuce,2 slices tomato,2 slices bread, toasted,1 tablespoon mayonnaise",,5 mins,,1,,,15 mins,
,,,,,,"[{'Fat': '11g'}, {'Carbs': '24g'}, {'Protein': '41g'}]",,,,,,,
352,,,,,"2 pounds large shrimp - peeled, deveined and chopped,¾ cup fresh lime juice,5 roma (plum) tomatoes, diced,1 white onion, chopped,½ cup chopped fresh cilantro,1 tablespoon Worcestershire sauce,1 tablespoon ketchup,1 teaspoon hot pepper sauce,salt and pepper to taste,1 avocado - peeled, pitted and diced,16 saltine crackers",,1 hr 30 mins,,4,,,1 hr 30 mins,4 servings
,,,,,,"[{'Fat': '32g'}, {'Carbs': '1g'}, {'Protein': '38g'}]",,,,,,,
453,10 mins,,,,"½ cup butter,4 cloves garlic, minced,2 teaspoons garlic powder,4 pounds beef top sirloin steaks,salt and pepper to taste",,20 mins,,8,,,30 mins,
,,,,,,"[{'Fat': '31g'}, {'Carbs': '5g'}, {'Protein': '21g'}]",,,,,,,
390,35 mins,,,,"⅓ cup plain bread crumbs,½ cup milk,2 tablespoons olive oil,1 onion, diced,1 pound ground beef,1 pound ground pork,2 eggs,2 tablespoons grated Parmesan cheese,¼ bunch fresh parsley, chopped,3 cloves garlic, crushed,2 teaspoons salt,1 teaspoon ground black pepper,1 teaspoon dried Italian herb seasoning,½ teaspoon red pepper flakes",,20 mins,,8,,,2 hrs 15 mins,
,,,,,,"[{'Fat': '45g'}, {'Carbs': '15g'}, {'Protein': '210g'}]",,,,,,,
1356,1 hr 35 mins,,,,"¼ cup butter, softened,1 clove garlic, minced,1 teaspoon paprika,1 teaspoon Italian seasoning,½ teaspoon salt-free garlic and herb seasoning blend (such as Mrs. Dash),salt and ground black pepper to taste,1 (3 pound) turkey breast with skin,1 teaspoon minced shallot,1 tablespoon butter,1 splash dry white wine,1 cup chicken stock,3 tablespoons all-purpose flour,2 tablespoons half-and-half (Optional)",,15 mins,,2,,,1 hr 50 mins,
,,,,,,"[{'Fat': '14g'}, {'Carbs': '19g'}, {'Protein': '3g'}]",,,,,,,
198,35 mins,,,https://www.allrecipes.com/thmb/dsEWzjw35ytuhj4KiD2zWl8myag=/1500x0/filters:no_upscale():max_bytes(150000):strip_icc()/13531_Butternut-Squash-with-Onions-and-Pecans_naples34102_4574060_original-4x3-1-03a6c70d154047c2bb41ce595f6b24b3.jpg,"3 tablespoons butter,1 large onion, diced,2 ¼ pounds butternut squash,1 cup chopped pecans,3 tablespoons chopped fresh parsley,salt and pepper to taste",,20 mins,,8,,,55 mins,
,,,,,,"[{'Fat': '7g'}, {'Carbs': '32g'}, {'Protein': '8g'}]",,,,,,,
225,10 mins,,,,"1 (16 ounce) package pasta,2 tablespoons olive oil,½ cup chopped onion,2 ½ tablespoons pesto,salt to taste,ground black pepper to taste,2 tablespoons grated Parmesan cheese",,5 mins,,8,,,15 mins,
,,,,,,"[{'Fat': '7g'}, {'Carbs': '53g'}, {'Protein': '5g'}]",,,,,,,
289,30 mins,,,,"⅛ cup olive oil,1 tablespoon minced garlic,½ teaspoon dried basil,½ teaspoon dried marjoram,½ teaspoon dried dill weed,½ teaspoon dried thyme,½ teaspoon dried oregano,½ teaspoon dried parsley,½ teaspoon crushed red pepper flakes,½ teaspoon salt,4 large potatoes, peeled and cubed",,15 mins,,4,,,45 mins,
,,,,,,"[{'Fat': '4g'}, {'Carbs': '16g'}, {'Protein': '4g'}]",,,,,,,
101,15 mins,,,,"2 pounds fresh green beans, trimmed,1 tablespoon olive oil, or as needed,1 teaspoon kosher salt,½ teaspoon freshly ground black pepper",,10 mins,,4,,,25 mins,
,,,,,,"[{'Fat': '32g'}, {'Carbs': '14g'}, {'Protein': '23g'}]",,,,,,,
440,25 mins,,,,"1 ½ pounds ground beef,1 (10.5 ounce) can condensed French onion soup,½ cup dry bread crumbs,1 egg,¼ teaspoon salt,⅛ teaspoon ground black pepper,1 tablespoon all-purpose flour,¼ cup ketchup,¼ cup water,1 tablespoon Worcestershire sauce,½ teaspoon mustard powder",,15 mins,,6,,,40 mins,
,,,,,,"[{'Fat': '23g'}, {'Carbs': '43g'}, {'Protein': '7g'}]",,,,,,,
391,45 mins,,,,"1 (15 ounce) can whole kernel corn, drained,1 (14.75 ounce) can creamed corn,1 (8.5 ounce) package dry cornbread mix,1 cup sour cream,½ cup butter, melted,2 large eggs, beaten",,10 mins,,8,,,55 mins,1 (9-inch) casserole
,,,,,,"[{'Fat': '24g'}, {'Carbs': '4g'}, {'Protein': '69g'}]",,,,,,,
556,3 hrs,,,,"2 tablespoons dried parsley,2 tablespoons ground dried rosemary,2 tablespoons rubbed dried sage,2 tablespoons dried thyme leaves,1 tablespoon lemon-pepper seasoning,1 tablespoon salt,1 (15 pound) whole turkey, neck and giblets removed,1 medium orange, cut into 8 wedges,1 medium onion, chopped into large pieces,1 medium carrot, cut into 1/2-inch slices,2 stalks celery, cut into 1/2-inch slices,1 (750 milliliter) bottle champagne,1 (14.5 ounce) can chicken broth",,20 mins,,10,,,3 hrs 30 mins,
,,,,,,"[{'Fat': '3g'}, {'Carbs': '28g'}, {'Protein': '4g'}]",,,,,,,
150,20 mins,,,https://www.allrecipes.com/thmb/tDqvWuMxBl309t7peXaIJ09qZzY=/1500x0/filters:no_upscale():max_bytes(150000):strip_icc()/909371-faa02caf4af7455589179a7f6bf4cbe3.jpg,"2 teaspoons butter,1 (8 ounce) package sliced fresh mushrooms,¼ cup chopped green pepper,2 tablespoons chopped onion,1 ⅓ cups water,⅔ cup white rice,1 teaspoon chicken bouillon granules,⅛ teaspoon salt,1 pinch garlic powder,1 pinch ground black pepper",,10 mins,,4,,,30 mins,4 servings
,,,,,,"[{'Fat': '7g'}, {'Carbs': '27g'}, {'Protein': '3g'}]",,,,,,,
179,20 mins,,,,"3 pounds small red new potatoes, halved,¼ cup olive oil,1 teaspoon salt and freshly ground black pepper",,5 mins,,8,,,25 mins,
,,,,,,"[{'Fat': '12g'}, {'Carbs': '23g'}, {'Protein': '1g'}]",,,,,,,
,,,,,,"[{'Fat': '32g'}, {'Carbs': '10g'}, {'Protein': '71g'}]",,,,,,,
200,,,,,"1 (16 ounce) bag coleslaw mix,2 tablespoons diced onion,⅔ cup creamy salad dressing (such as Miracle Whip™),½ cup white sugar,3 tablespoons vegetable oil,1 tablespoon white vinegar,½ teaspoon poppy seeds,¼ teaspoon salt",,15 mins,,8,,,2 hrs 15 mins,
625,10 hrs,,,https://www.allrecipes.com/thmb/OO-NAR3nHj-arnaUlOawMyagmG0=/1500x0/filters:no_upscale():max_bytes(150000):strip_icc()/16984-Turkey-In-A-Smoker-ddmfs-084-4x3-1-b1fc2e6b35484a2a9310d22874d6c41e.jpg,"1 (10 pound) whole turkey, neck and giblets removed,4 cloves garlic, crushed,2 tablespoons seasoned salt,½ cup butter,2 (12 fluid ounce) cans cola-flavored carbonated beverage,1 medium apple, quartered,1 medium onion, quartered,1 tablespoon garlic powder,1 tablespoon salt,1 tablespoon ground black pepper,2 cups hickory wood chips, or more as needed (Optional)",,20 mins,,13,,,10 hrs 20 mins,
,,,,,,"[{'Fat': '4g'}, {'Carbs': '9g'}, {'Protein': '17g'}]",,,,,,,
146,,,,,"4 (8 1/2-inch) rice paper wrappers,1 cooked chicken breast half, cut into thin strips,1 red bell pepper, cut into thin strips,1 English cucumber, cut into thin strips,1 carrot, cut into thin strips,4 sprigs chopped fresh basil,4 sprigs chopped fresh mint,4 sprigs chopped fresh cilantro",,15 mins,,4,,,35 mins,4 rolls
,,,,,,"[{'Fat': '31g'}, {'Carbs': '18g'}, {'Protein': '46g'}]",,,,,,,
540,8 hrs 20 mins,,,,"4 pounds chuck roast,salt and pepper to taste,2 tablespoons olive oil,1 packet dry onion soup mix,1 cup water,3 carrots, chopped,3 potatoes, peeled and cubed,1 onion, chopped,1 stalk celery, chopped",,20 mins,,8,,,8 hrs 40 mins,
,,,,,,"[{'Fat': '21g'}, {'Carbs': '74g'}, {'Protein': '49g'}]",,,,,,,
687,15 mins,,,,"2 pounds sliced beef liver,1 ½ cups milk, or as needed,¼ cup butter, divided,2 large Vidalia onions, sliced into rings,2 cups all-purpose flour, or as needed,salt and pepper to taste",,20 mins,,4,,,35 mins,
,,,,,,"[{'Fat': '9g'}, {'Carbs': '19g'}, {'Protein': '11g'}]",,,,,,,
193,30 mins,,,,"¾ ounce dried shiitake mushrooms,2 tablespoons soy sauce, or more to taste,¼ cup seasoned rice vinegar,1 teaspoon ground white pepper, or to taste,¼ teaspoon sesame oil,3 tablespoons cornstarch, or as needed,3 tablespoons water, or as needed,2 teaspoons vegetable oil,1 teaspoon minced fresh ginger root,¼ cup sliced green onions,4 cups chicken broth,¼ cup grated carrot,2 tablespoons thinly sliced red bell pepper,½ cup bamboo shoots,1 cup cubed tofu,2 large eggs, beaten",,20 mins,,4,,,1 hr 5 mins,4 servings
,,,,,,"[{'Fat': '2g'}, {'Carbs': '29g'}, {'Protein': '9g'}]",,,,,,,
175,30 mins,,,https://www.allrecipes.com/thmb/VulPHxRb_y1jtF8zzDB_akZVMcs=/1500x0/filters:no_upscale():max_bytes(150000):strip_icc()/140386-ToastedBreadCrumbs-mfs-3X4-0406-47e78a7e419a44dc90482512626d1cc6.jpg,"10 slices whole wheat bread, or your favorite bread",,5 mins,,4,,,35 mins,2 cups
,,,,,,"[{'Fat': '26g'}, {'Carbs': '35g'}, {'Protein': '42g'}]",,,,,,,
552,5 mins,,,https://www.allrecipes.com/thmb/HlsRnVzOQ5OSh_MewJfU8aJWK-M=/1500x0/filters:no_upscale():max_bytes(150000):strip_icc()/1882890-fc27659833d24b10b4a7a54adcb3b093.jpg,"8 slices ham,2 thick slices leftover roast turkey,½ cup mashed potatoes, or as needed,4 slices bread",,5 mins,,2,,,10 mins,2 servings
,,,,,,"[{'Fat': '20g'}, {'Carbs': '30g'}, {'Protein': '23g'}]",,,,,,,
387,35 mins,,,,"12 ounces dried linguine,2 tablespoons salted butter,8 ounces button mushrooms, sliced,1 cup chopped onion,1/2 cup chopped celery,2 cloves garlic, minced,1/2 teaspoon Italian seasoning,1/4 teaspoon crushed red pepper,1/4 cup white wine (Optional),2 cups chopped cooked turkey,1 (10.5 ounce) can condensed cream of mushroom soup,1 cup sour cream,3/4 cup reduced-sodium chicken broth,1/2 cup grated Parmesan cheese,1/2 cup sliced almonds (Optional)",,15 mins,,6,,,1 hr,1 (2-quart) casserole
,,,,,,"[{'Fat': '9g'}, {'Carbs': '15g'}, {'Protein': '3g'}]",,,,,,,
149,4 hrs 10 mins,,,,"10 ripe tomatoes,2 tablespoons butter,2 tablespoons olive oil,2 small carrots, chopped,1 onion, chopped,1 small green bell pepper, chopped,4 cloves garlic, minced,¼ cup Burgundy wine,¼ cup chopped fresh basil,¼ teaspoon Italian seasoning,2 stalks celery,1 bay leaf,2 tablespoons tomato paste",,30 mins,,6,,,4 hrs 40 mins,3 cups
,,,,,,"[{'Fat': '15g'}, {'Carbs': '31g'}, {'Protein': '9g'}]",,,,,,,
291,35 mins,,,,"4 cups water,1 teaspoon fine salt,1 cup polenta,3 tablespoons butter, divided,½ cup freshly grated Parmigiano-Reggiano cheese, plus more for garnish",,15 mins,,4,,,55 mins,
,,,,,,"[{'Fat': '4g'}, {'Carbs': '33g'}, {'Protein': '8g'}]",,,,,,,
197,5 mins,,,,"1 loaf French bread, cut into 1/4-inch slices,1 tablespoon extra-virgin olive oil,8 roma (plum) tomatoes, diced,⅓ cup chopped fresh basil,1 ounce Parmesan cheese, freshly grated,2 cloves garlic, minced,1 tablespoon good quality balsamic vinegar,2 teaspoons extra-virgin olive oil,¼ teaspoon kosher salt,¼ teaspoon freshly ground black pepper",,15 mins,,8,,,20 mins,8 bruschetta
,,,,,,"[{'Fat': '9g'}, {'Carbs': '19g'}, {'Protein': '8g'}]",,,,,,,
185,15 mins,,,https://www.allrecipes.com/thmb/jqOQMxlrUtN9BTZLJj1XjycE7mM=/1500x0/filters:no_upscale():max_bytes(150000):strip_icc()/970163-1777ffa3546c4ab388488be18f680a43.jpg,"1 ½ cups water,1 cup green peas,¼ teaspoon salt,1 tablespoon all-purpose flour,1 tablespoon butter,1 cup milk, or as needed",,5 mins,,2,,,20 mins,
,,,,,,"[{'Fat': '1g'}, {'Carbs': '22g'}, {'Protein': '4g'}]",,,,,,,
113,20 mins,,,,"2 ½ cups bread flour,1 cup water,1 tablespoon white sugar,1 ½ teaspoons bread machine yeast,1 teaspoon salt,cooking spray,1 egg yolk,1 tablespoon water",,15 mins,,12,,,1 hr 35 mins,2 baguettes
,,,,,,"[{'Fat': '29g'}, {'Carbs': '81g'}, {'Protein': '39g'}]",,,,,,,
752,15 mins,,,,"100  (3.5 inch square) wonton wrappers,1 ¾ pounds ground pork,1 tablespoon minced fresh ginger root,4 cloves garlic, minced,2 tablespoons thinly sliced green onion,4 tablespoons soy sauce,3 tablespoons sesame oil,1 egg, beaten,5 cups finely shredded Chinese cabbage",,45 mins,,10,,,1 hr,100 dumplings
,,,,,,"[{'Fat': '2g'}, {'Carbs': '19g'}, {'Protein': '3g'}]",,,,,,,
108,25 mins,,,,"2 cups all-purpose flour, divided, or as needed,2 tablespoons white sugar,1 (.25 ounce) envelope Fleischmann's RapidRise Yeast,½ teaspoon salt,½ cup milk,¼ cup water,2 tablespoons butter, plus more for brushing",,20 mins,,12,,,1 hr 25 mins,12 rolls
,,,,,,"[{'Fat': '9g'}, {'Carbs': '52g'}, {'Protein': '5g'}]",,,,,,,
312,45 mins,,,,"2 tablespoons butter,2 tablespoons olive oil,½ medium onion, chopped,2 cups long-grain white rice,3 cups chicken stock,1 ½ teaspoons salt,¼ teaspoon cayenne pepper,1 pinch saffron (Optional)",,15 mins,,6,,,1 hr 10 mins,
,,,,,,"[{'Fat': '6g'}, {'Carbs': '18g'}, {'Protein': '1g'}]",,,,,,,
124,15 mins,,,,"2 pounds carrots, peeled and cut into sticks,¼ cup butter,¼ cup packed brown sugar,¼ teaspoon salt,⅛ teaspoon ground white pepper",,10 mins,,8,,,25 mins,
,,,,,,"[{'Fat': '16g'}, {'Carbs': '9g'}, {'Protein': '23g'}]",,,,,,,
268,10 mins,,,,"2 tablespoons vegetable oil,1 pound beef sirloin, cut into 2-inch strips,1 ½ cups fresh broccoli florets,1 red bell pepper, cut into matchsticks,2 carrots, thinly sliced,1 green onion, chopped,1 teaspoon minced garlic,2 tablespoons soy sauce,2 tablespoons sesame seeds, toasted",,15 mins,,4,,,25 mins,4 servings
,,,,,,"[{'Fat': '25g'}, {'Carbs': '25g'}, {'Protein': '42g'}]",,,,,,,
471,20 mins,,,,"4 skinless, boneless chicken breast halves,salt and freshly ground black pepper to taste,2 large eggs,1 cup panko bread crumbs, or more as needed,¾ cup grated Parmesan cheese, divided,2 tablespoons all-purpose flour, or more if needed,½ cup olive oil for frying, or as needed,½ cup prepared tomato sauce,¼ cup fresh mozzarella, cut into small cubes,¼ cup chopped fresh basil,½ cup grated provolone cheese,2 teaspoons olive oil",,15 mins,,4,,,45 mins,4 servings
,,,,,,"[{'Fat': '61g'}, {'Carbs': '84g'}, {'Protein': '24g'}]",,,,,,,
964,15 mins,,,,"24 ounces dry fettuccine pasta,1 cup butter,¾ pint heavy cream,salt and pepper to taste,1 dash garlic salt,¾ cup grated Romano cheese,½ cup grated Parmesan cheese",,15 mins,,6,,,30 mins,
,,,,,,"[{'Fat': '15g'}, {'Carbs': '43g'}, {'Protein': '32g'}]",,,,,,,
457,13 mins,,,,"2 (6 ounce) beef top sirloin steaks,2 cups orange juice,1 cup apple cider vinegar,½ cup Worcestershire sauce,1 ½ tablespoons steak seasoning (such as Fiesta Brand® Uncle Chris'), or to taste,freshly ground black pepper to taste,2 teaspoons olive oil,sea salt to taste",,5 mins,,2,,,1 hr 23 mins,2 steaks
,,,,,,"[{'Fat': '21g'}, {'Carbs': '1g'}, {'Protein': '23g'}]",,,,,,,
300,1 hr 30 mins,,,,"3 cloves garlic, minced,1 tablespoon dried rosemary,salt and pepper to taste,2 pounds boneless pork loin roast,¼ cup olive oil,½ cup white wine",,20 mins,,8,,,1 hr 50 mins,1 pork loin
,,,,,,"[{'Fat': '1g'}, {'Carbs': '2g'}, {'Protein': '1g'}]",,,,,,,
18,1 hr 30 mins,,,https://www.allrecipes.com/thmb/bmYFcmuCThpRgUuIvB1FMAO-gK4=/1500x0/filters:no_upscale():max_bytes(150000):strip_icc()/7486572-11ace04c027a4b50961e2b593ab670c0.jpg,"cooking spray,1 leftover turkey carcass,2 stalks celery, cut into chunks,1 medium carrot, cut into chunks,1 medium onion, cut into wedges,¼ cup apple cider vinegar",,10 mins,,12,,,1 hr 55 mins,12 cups
,,,,,,"[{'Fat': '34g'}, {'Carbs': '30g'}, {'Protein': '33g'}]",,,,,,,
560,15 mins,,,https://www.allrecipes.com/thmb/E8fdQpDbtF-jNnmMFTUy_tzp4IQ=/1500x0/filters:no_upscale():max_bytes(150000):strip_icc()/9274153-504bec9187c34bda9edb6d11c488b84f.jpg,"4 (4 ounce) boneless, skinless chicken breasts,salt and freshly ground black pepper to taste,1 ½ cups butter and garlic croutons,½ cup all-purpose flour,2 large eggs, beaten,3 tablespoons olive oil,8 tablespoons giardiniera,4 slices provolone cheese,2 tablespoons minced fresh parsley",,20 mins,,4,,,35 mins,4 chicken breasts
,,,,,,"[{'Fat': '2g'}, {'Carbs': '18g'}, {'Protein': '3g'}]",,,,,,,
,,,,,,"[{'Fat': '35g'}, {'Carbs': '87g'}, {'Protein': '23g'}]",,,,,,,
105,15 mins,,,,"1 cup all-purpose flour,2 teaspoons baking powder,1 teaspoon white sugar,½ teaspoon salt,1 tablespoon butter or margarine,½ cup milk",,5 mins,,6,,,20 mins,6 dumplings
755,15 mins,,,,"1 pound uncooked spaghetti,½ cup olive oil,6 cloves garlic, thinly sliced,¼ teaspoon red pepper flakes, or to taste,salt and freshly ground black pepper to taste,¼ cup chopped fresh Italian parsley,1 cup finely grated Parmigiano-Reggiano cheese",,10 mins,,4,,,25 mins,
,,,,,,"[{'Fat': '16g'}, {'Carbs': '11g'}, {'Protein': '14g'}]",,,,,,,
243,30 mins,,,,"1 pound lean ground beef,¼ cup chopped onion,¼ cup chopped green bell pepper,¾ cup ketchup, or to taste,1 tablespoon brown sugar, or to taste,1 teaspoon yellow mustard, or to taste,½ teaspoon garlic powder,salt and ground black pepper to taste,6 hamburger buns, split",,5 mins,,6,,,35 mins,6 sandwiches
,,,,,,"[{'Fat': '42g'}, {'Carbs': '50g'}, {'Protein': '71g'}]",,,,,,,
882,2 hrs 30 mins,,,,"1 (3 pound) corned beef brisket with spice packet,10 small red potatoes,5 medium carrots,1 large head cabbage",,,,6,,,2 hrs 30 mins,
,,,,,,"[{'Fat': '39g'}, {'Carbs': '7g'}, {'Protein': '17g'}]",,,,,,,
461,30 mins,,,,"6 (4 ounce) links sweet Italian sausage,2 tablespoons butter,1 medium yellow onion, sliced,½ medium red onion, sliced,4 cloves garlic, minced,1 large red bell pepper, sliced,1 medium green bell pepper, sliced,1 teaspoon dried basil,1 teaspoon dried oregano,¼ cup white wine, or more to taste",,15 mins,,6,,,45 mins,
,,,,,,"[{'Fat': '27g'}, {'Carbs': '10g'}, {'Protein': '13g'}]",,,,,,,
364,2 hrs 15 mins,,,,"1 pound beef short ribs,1 teaspoon salt,½ teaspoon ground black pepper,2 tablespoons all-purpose flour,1 tablespoon olive oil,1 tablespoon butter,1 onion, sliced,1 clove garlic,1 (12 fluid ounce) can or bottle stout beer,1 cup beef stock",,15 mins,,4,,,2 hrs 30 mins,
,,,,,,"[{'Fat': '7g'}, {'Carbs': '19g'}, {'Protein': '4g'}]",,,,,,,
152,15 mins,,,,"⅔ cup chopped baby carrots,½ cup frozen green peas,2 tablespoons vegetable oil,1 clove garlic, minced, or to taste (Optional),2 large eggs,3 cups leftover cooked and chilled white rice,1 tablespoon soy sauce, or more to taste,2 teaspoons sesame oil, or to taste",,5 mins,,8,,,20 mins,
,,,,,,"[{'Fat': '0g'}, {'Carbs': '3g'}, {'Protein': '0g'}]",,,,,,,
14,,,,https://www.allrecipes.com/thmb/4IPAsFYZLvRkinuxFN8NTeGCgnM=/1500x0/filters:no_upscale():max_bytes(150000):strip_icc()/1092172-7b64be4614c04c9196ace8dde2982ce2.jpg,"1 large egg,⅓ cup water, or more as needed,2 cups all-purpose flour,½ teaspoon salt",,30 mins,,72,,,30 mins,72 wonton wrappers
,,,,,,"[{'Fat': '24g'}, {'Carbs': '5g'}, {'Protein': '46g'}]",,,,,,,
426,3 hrs,,,,"2 (10.5 ounce) cans condensed cream of mushroom soup,1 ¼ cups water,1 (1 ounce) package dry onion soup mix,5 ½ pounds pot roast",,10 mins,,12,,,3 hrs 10 mins,
,,,,,,"[{'Fat': '7g'}, {'Carbs': '60g'}, {'Protein': '7g'}]",,,,,,,
305,45 mins,,,,"2 tablespoons butter,1 small onion, chopped,1 stalk celery, chopped,1 medium carrot, chopped,2 medium potatoes, cubed,1 medium butternut squash - peeled, seeded, and cubed,1 (32 fluid ounce) container chicken stock,salt and freshly ground black pepper to taste",,20 mins,,4,,,1 hr 5 mins,
,,,,,,"[{'Fat': '16g'}, {'Carbs': '9g'}, {'Protein': '7g'}]",,,,,,,
204,10 mins,,,https://www.allrecipes.com/thmb/mb14YNbeOJBKFb048H9RodNYbHQ=/1500x0/filters:no_upscale():max_bytes(150000):strip_icc()/431763-eeb91ad5ae3841ce9b5f9f95272dde8b.jpg,"1 cup blanched slivered almonds,2 tablespoons sesame seeds,1 head romaine lettuce, torn into bite-size pieces,1 head red leaf lettuce, torn into bite-size pieces,1 (8 ounce) package crumbled feta cheese,1 (4 ounce) can sliced black olives,1 cup cherry tomatoes, halved,1 red onion, halved and thinly sliced,6 fresh mushrooms, sliced,¼ cup grated Romano cheese,1 (8 ounce) bottle Italian salad dressing",,20 mins,,12,,,30 mins,12 servings
,,,,,,"[{'Fat': '17g'}, {'Carbs': '57g'}, {'Protein': '11g'}]",,,,,,,
431,25 mins,,,,"6 cups chicken broth, or as needed,3 tablespoons olive oil, divided,1 pound portobello mushrooms, thinly sliced,1 pound white mushrooms, thinly sliced,2 medium shallots, diced,1 ½ cups Arborio rice,½ cup dry white wine,4 tablespoons butter,3 tablespoons finely chopped chives,⅓ cup freshly grated Parmesan cheese,sea salt and freshly ground black pepper to taste",,20 mins,,6,,,45 mins,
,,,,,,"[{'Fat': '65g'}, {'Carbs': '123g'}, {'Protein': '58g'}]",,,,,,,
1336,1 hr 55 mins,,,,"1 tablespoon olive oil,4 (6 ounce) sweet Italian sausage links,¼ cup white wine,1 (32 ounce) jar marinara sauce,1 ½ cups water,1 (16 ounce) package spaghetti,½ cup freshly grated Parmigiano-Reggiano cheese,2 tablespoons chopped flat-leaf (Italian) parsley, or to taste",,5 mins,,4,,,2 hrs,4 servings
,,,,,,"[{'Fat': '66g'}, {'Carbs': '75g'}, {'Protein': '54g'}]",,,,,,,
1115,16 mins,,,,"1 whole chicken, cut into 8 pieces,1 cup buttermilk,¼ cup pickle brine,2 tablespoons Louisiana-style hot sauce,1 large egg,2 cups all-purpose flour,2 teaspoons fine table salt,¼ cup butter,¼ cup lard,2 tablespoons cayenne pepper,1 tablespoon packed light brown sugar,1 teaspoon paprika,½ teaspoon garlic powder,½ teaspoon kosher salt,½ teaspoon freshly ground black pepper,1 cup vegetable oil for frying, or as needed",,20 mins,,4,,,3 hrs,
,,,,,,"[{'Fat': '42g'}, {'Carbs': '13g'}, {'Protein': '5g'}]",,,,,,,
448,10 mins,,,,"12 fresh zucchini blossoms,¾ cup soft goat cheese at room temperature,¼ cup shredded Gruyère cheese,1 large egg yolk,1 pinch freshly ground black pepper, or to taste,1 pinch cayenne pepper,1 cup self-rising flour,½ cup cornstarch,¼ cup ice-cold water, or as needed,2 cups vegetable oil for frying, or as needed,1 teaspoon all-purpose flour, or as needed",,20 mins,,12,,,1 hr,12 filled squash blossoms
,,,,,,"[{'Fat': '6g'}, {'Carbs': '12g'}, {'Protein': '3g'}]",,,,,,,
107,15 mins,,,https://www.allrecipes.com/thmb/8EEgv9BXx9ASgghdaa9h6ap63ss=/1500x0/filters:no_upscale():max_bytes(150000):strip_icc()/266714-chinese-green-bean-stir-fry-SunnyByrd-4x3-1-27b94f8856c34e7db75ff39b6ac64c0c.jpg,"1 cup vegetable oil,13 pounds fresh green beans, trimmed,5 tablespoons minced garlic,5 tablespoons minced fresh ginger root,2 tablespoons kosher salt,1 tablespoon coarsely ground black pepper,2 (8 ounce) bottles black bean sauce",,20 mins,,40,,,35 mins,10 pounds
,,,,,,"[{'Fat': '10g'}, {'Carbs': '23g'}, {'Protein': '7g'}]",,,,,,,
213,5 mins,,,,"1 (1 pound) loaf Italian bread,5 tablespoons butter, softened,3 cloves garlic, crushed,2 teaspoons extra virgin olive oil,1 teaspoon dried oregano,salt and pepper to taste,1 cup shredded mozzarella cheese",,10 mins,,10,,,15 mins,
,,,,,,"[{'Fat': '2g'}, {'Carbs': '1g'}, {'Protein': '1g'}]",,,,,,,
24,,,,https://www.allrecipes.com/thmb/WClOS82gTa7NWaOvjpKWwYOJfas=/1500x0/filters:no_upscale():max_bytes(150000):strip_icc()/994609-fff9a91eb2dc4cb09f03fd09ab587387.jpg,"¼ cup dry mustard,3 tablespoons cold water,⅛ teaspoon ground white pepper",,5 mins,,8,,,5 mins,
,,,,,,"[{'Fat': '29g'}, {'Carbs': '17g'}, {'Protein': '9g'}]",,,,,,,
352,,,,https://www.allrecipes.com/thmb/-NmU_QyJmMohveBU0W7MiraQwFs=/1500x0/filters:no_upscale():max_bytes(150000):strip_icc()/4479962-67d62c6738294919bb32d44ab1a5d9f8.jpg,"1 large head romaine lettuce- rinsed, dried and torn into bite sized pieces,1 large head iceberg - rinsed, dried and torn into bite sized pieces,1 (14 ounce) can artichoke hearts, drained and quartered,1 cup sliced red onion,1 (4 ounce) jar diced pimento peppers, drained,⅔ cup extra virgin olive oil,⅓ cup red wine vinegar,1 teaspoon salt,¼ teaspoon ground black pepper,⅔ cup grated Parmesan cheese",,15 mins,,6,,,15 mins,6 servings
,,,,,,"[{'Fat': '7g'}, {'Carbs': '7g'}, {'Protein': '3g'}]",,,,,,,
92,,,,https://www.allrecipes.com/thmb/BkQb-FEI1lWKMnca4rUKORjXfHI=/1500x0/filters:no_upscale():max_bytes(150000):strip_icc()/256166_HomemadeHoisinSauce_ddmfs_3x4_3476-08ec381edcc242bcac75a8f26b12213f.jpg,"¼ cup soy sauce,2 tablespoons smooth peanut butter,1 tablespoon dark brown sugar,2 teaspoons rice wine vinegar,2 teaspoons sesame oil,1 teaspoon hot sauce, or to taste,1 clove garlic, minced,⅛ teaspoon ground black pepper",,10 mins,,4,,,10 mins,1/2 cup
,,,,,,"[{'Fat': '6g'}, {'Carbs': '63g'}, {'Protein': '21g'}]",,,,,,,
382,4 hrs 10 mins,,,,"2 cups dry navy beans, soaked overnight,½ pound uncooked bacon strips,1 medium onion, diced,½ cup ketchup,3 tablespoons molasses,¼ cup brown sugar,1 tablespoon Worcestershire sauce,2 teaspoons salt,¼ teaspoon ground black pepper,¼ teaspoon dry mustard",,10 mins,,6,,,4 hrs 20 mins,
,,,,,,"[{'Fat': '5g'}, {'Carbs': '21g'}, {'Protein': '3g'}]",,,,,,,
143,45 mins,,,https://www.allrecipes.com/thmb/lqkQL3Ue-2G1-DahEoWiCA0onfc=/1500x0/filters:no_upscale():max_bytes(150000):strip_icc()/9432479-4a19e81d5f9748efbc7fa2cf5c73a99d.jpg,"1 cup diced, raw beet,4 carrots, diced,1 onion, diced,2 cups diced potatoes,4 cloves garlic, minced,¼ cup canned garbanzo beans (chickpeas), drained,2 tablespoons olive oil,1 tablespoon dried thyme leaves,salt and pepper to taste,⅓ cup dry white wine,1 cup torn beet greens",,30 mins,,6,,,1 hr 15 mins,6 servings
,,,,,,"[{'Fat': '22g'}, {'Carbs': '38g'}, {'Protein': '27g'}]",,,,,,,
463,20 mins,,,,"6  (3.5 inch square) wonton wrappers,2 teaspoons vegetable oil,3 ½ cups shredded green cabbage,1 cup julienned carrot,¼ cup julienned red bell pepper,⅓ cup thinly sliced green onions,2 cloves garlic, finely minced,2 tablespoons soy sauce,1 tablespoon rice vinegar,1 tablespoon sake,¼ teaspoon sesame oil,1 teaspoon white sugar,½ teaspoon freshly grated ginger,1 pinch cayenne pepper,¼ teaspoon white pepper,1 teaspoon ketchup,½ teaspoon cornstarch,½ pound ground pork",,20 mins,,2,,,40 mins,2 servings
,,,,,,"[{'Fat': '19g'}, {'Carbs': '46g'}, {'Protein': '20g'}]",,,,,,,
439,5 mins,,,,"1 pound ground pork,4 cloves minced garlic,½ cup finely chopped green onions,3 tablespoons very finely minced fresh ginger,2 tablespoons soy sauce,1 teaspoon soy sauce,1 teaspoon sesame oil,1 pinch cayenne pepper,1 ½ cups finely chopped green cabbage,2 ½ cups all-purpose flour, or more as needed,¾ teaspoon kosher salt,1 cup hot water, about 130 - 150 F (55-65 C),¼ cup seasoned rice vinegar,¼ cup soy sauce,6 tablespoons vegetable oil for frying, or as needed - divided,8 tablespoons water for steaming, divided",,25 mins,,6,,,1 hr,32 pot stickers
,,,,,,"[{'Fat': '10g'}, {'Carbs': '15g'}, {'Protein': '5g'}]",,,,,,,
156,15 mins,,,https://www.allrecipes.com/thmb/fl2owk4yL7bFY81eAOIfOw8vD48=/1500x0/filters:no_upscale():max_bytes(150000):strip_icc()/3275513-d04c0beeec4540aa8c35b62c02af8e4a.jpg,"1 ½ pounds fresh green beans, trimmed and cut into 1-inch pieces,¼ cup butter,½ cup Italian-seasoned bread crumbs,¼ cup grated Parmesan cheese,salt and pepper to taste,1 ½ teaspoons chopped fresh parsley",,20 mins,,6,,,35 mins,6 servings
,,,,,,"[{'Fat': '2g'}, {'Carbs': '6g'}, {'Protein': '1g'}]",,,,,,,
42,,,,https://www.allrecipes.com/thmb/0OlKrKVMUk8Sh4ei7lrc9F0Nqn0=/1500x0/filters:no_upscale():max_bytes(150000):strip_icc()/5924587-469c55563a914712ade4b48b2289b966.jpg,"½ cup soy sauce,½ cup rice wine vinegar,3 cloves minced garlic,2 tablespoons honey,2 tablespoons minced fresh ginger root,2 teaspoons sesame seeds,2 teaspoons sesame oil",,10 mins,,8,,,10 mins,
,,,,,,"[{'Fat': '6g'}, {'Carbs': '23g'}, {'Protein': '3g'}]",,,,,,,
154,20 mins,,,,"1 cup cornmeal,1 cup all-purpose flour,⅓ cup white sugar,2 teaspoons baking powder,½ teaspoon salt,1 egg, beaten,¼ cup canola oil,1 cup milk",,10 mins,,12,,,30 mins,12 muffins
,,,,,,"[{'Fat': '10g'}, {'Carbs': '21g'}, {'Protein': '18g'}]",,,,,,,
245,10 mins,,,,"⅓ head red cabbage, sliced and chopped,4 small carrots, peeled and grated,¼ cup coleslaw dressing,¼ cup red wine vinegar,2 tablespoons soy sauce,2 tablespoons teriyaki sauce,2 tablespoons sesame oil,1 pound ground chicken,¼ cup stir-fry sauce,14 wonton wrappers",,20 mins,,7,,,1 hr 30 mins,14 mini tacos
,,,,,,"[{'Fat': '6g'}, {'Carbs': '21g'}, {'Protein': '13g'}]",,,,,,,
195,10 mins,,,,"½ pound boneless pork loin, coarsely chopped,2 ounces peeled shrimp, finely chopped,1 tablespoon Chinese rice wine,1 tablespoon light soy sauce,1 teaspoon brown sugar,1 teaspoon finely chopped green onions,1 teaspoon chopped fresh ginger root,24  (3.5 inch square) wonton wrappers,3 cups chicken stock,2 tablespoons finely chopped green onions",,30 mins,,6,,,1 hr 5 mins,
,,,,,,"[{'Fat': '13g'}, {'Carbs': '37g'}, {'Protein': '5g'}]",,,,,,,
277,15 mins,,,,"1 quart oil for frying, or as needed,1 large onion, diced,½ cup white sugar,2 large eggs, beaten,1 cup self-rising flour,1 cup self-rising cornmeal",,10 mins,,8,,,25 mins,24 hush puppies
,,,,,,"[{'Fat': '1g'}, {'Carbs': '22g'}, {'Protein': '3g'}]",,,,,,,
94,5 mins,,,,"2 tablespoons white sugar,1 tablespoon lemon juice,6 ears corn on the cob, husks and silk removed",,5 mins,,6,,,20 mins,
,,,,,,"[{'Fat': '14g'}, {'Carbs': '15g'}, {'Protein': '28g'}]",,,,,,,
302,2 hrs,,,https://www.allrecipes.com/thmb/CsKMjRAjGdyvOpChQyupgAeSvLY=/1500x0/filters:no_upscale():max_bytes(150000):strip_icc()/7149475-4358977a70b6445dbc1fb2aea21db358.jpg,"14 quarts water,2 (5 pound) whole chickens, skinned and trimmed of fat,4 pounds carrots, cut into chunks,3 pounds celery, cut into chunks,3 large sweet onions, cut into chunks,6 leeks, trimmed and chopped,14 tablespoons sea salt,3 tablespoons chopped garlic,3 tablespoons garlic powder,2 tablespoons crushed dried rosemary,2 tablespoons dried parsley,1 tablespoon dried thyme,1 bunch fresh parsley, chopped (Optional)",,15 mins,,24,,,2 hrs 15 mins,24 servings
,,,,,,"[{'Fat': '30g'}, {'Carbs': '63g'}, {'Protein': '18g'}]",,,,,,,
590,3 mins,,,,"8 ounces cream cheese,8 ounces crab meat, drained well,⅓ cup chopped green onions,1 clove crushed garlic,1 teaspoon soy sauce,½ teaspoon fish sauce,½ teaspoon Worcestershire sauce,½ teaspoon salt, or to taste,½ teaspoon freshly ground black pepper,¼ teaspoon sesame oil,1 pinch cayenne pepper,60  (3.5 inch square) wonton wrappers,Canola oil for frying,1 cup ketchup,¼ cup rice vinegar,2 tablespoons brown sugar,1 tablespoon sriracha hot sauce, or to taste",,30 mins,,6,,,1 hr 50 mins,60 wontons
,,,,,,"[{'Fat': '12g'}, {'Carbs': '39g'}, {'Protein': '5g'}]",,,,,,,
284,30 mins,,,,"½ cup butter,⅔ cup white sugar,2 large eggs,1 cup buttermilk,½ teaspoon baking soda,1 cup cornmeal,1 cup all-purpose flour,¼ teaspoon salt",,15 mins,,9,,,45 mins,1 8x8-inch pan
,,,,,,"[{'Fat': '7g'}, {'Carbs': '9g'}, {'Protein': '0g'}]",,,,,,,
94,,,,,"½ cup mayonnaise,2 tablespoons white sugar,1 ½ tablespoons lemon juice,1 tablespoon vinegar,½ teaspoon ground black pepper,¼ teaspoon salt",,5 mins,,6,,,5 mins,6 servings
,,,,,,"[{'Fat': '53g'}, {'Carbs': '38g'}, {'Protein': '16g'}]",,,,,,,
692,15 mins,,,https://www.allrecipes.com/thmb/H-589QARc153Uoz4tfBOuM-wybg=/1500x0/filters:no_upscale():max_bytes(150000):strip_icc()/659422-87a4d1f6a6554d9a93a822d147cff13c.jpg,"¾ pound ground pork,¼ cup finely chopped green onions,8 canned water chestnuts, finely chopped,1 tablespoon Kikkoman soy sauce,1 teaspoon cornstarch,½ teaspoon salt,½ teaspoon grated fresh ginger root,1 (16 ounce) package wonton skins,2 cups vegetable oil for frying, or as needed",,30 mins,,10,,,45 mins,
,,,,,,"[{'Fat': '14g'}, {'Carbs': '55g'}, {'Protein': '5g'}]",,,,,,,
357,45 mins,,,,"1 large baking potato,1 tablespoon olive oil,½ teaspoon paprika,½ teaspoon garlic powder,½ teaspoon chili powder,½ teaspoon onion powder",,5 mins,,1,,,50 mins,
,,,,,,"[{'Fat': '12g'}, {'Carbs': '87g'}, {'Protein': '19g'}]",,,,,,,
533,5 mins,,,https://www.allrecipes.com/thmb/zgJGdCGsoittkXjQSwwXayoTE_g=/1500x0/filters:no_upscale():max_bytes(150000):strip_icc()/2210387-creamy-parmesan-polenta-Buckwheat-Queen-4x3-2-17fcfd76073e4c2b88241fc1b7d8fd78.jpg,"1 (18 ounce) package polenta, cut into 1/2-inch cubes,1 cup chicken broth,½ cup grated Parmesan cheese,1 teaspoon ground black pepper,1 pinch paprika",,5 mins,,4,,,10 mins,
,,,,,,"[{'Fat': '14g'}, {'Carbs': '18g'}, {'Protein': '8g'}]",,,,,,,
218,5 mins,,,https://www.allrecipes.com/thmb/QXKxKm7gTvMbBNGiVC75vVydR4U=/1500x0/filters:no_upscale():max_bytes(150000):strip_icc()/2251131-simple-broccolini-naples34102-4x3-1-d75e50ea96d342eabe98854792d6dcb0.jpg,"1 bunch broccolini,2 tablespoons olive oil,1 clove garlic, minced,1 lemon wedge,1 pinch red pepper flakes (Optional),salt and ground black pepper to taste",,10 mins,,2,,,15 mins,
,,,,,,"[{'Fat': '8g'}, {'Carbs': '6g'}, {'Protein': '3g'}]",,,,,,,
106,30 mins,,,https://www.allrecipes.com/thmb/6K3xLYl4pQk2gh110Esr0B3Z7ic=/1500x0/filters:no_upscale():max_bytes(150000):strip_icc()/5079006-italian-baked-zucchini-side-dish-Milly-4x3-1-146e0a4c77904754b46170462ce10b80.jpg,"2 zucchini, sliced,2 tablespoons extra-virgin olive oil,3 tablespoons freshly grated Parmesan cheese,2 tablespoons dry bread crumbs,1 teaspoon chopped fresh oregano,salt and freshly ground black pepper to taste",,20 mins,,4,,,50 mins,4 servings
,,,,,,"[{'Fat': '9g'}, {'Carbs': '7g'}, {'Protein': '1g'}]",,,,,,,
110,,,,https://www.allrecipes.com/thmb/q4RuqYYq9icLAG5E3O5cvGAA9Cs=/1500x0/filters:no_upscale():max_bytes(150000):strip_icc()/397065-italian-leafy-green-salad-Alberta-Rose-4x3-1-e9f26ee7a4084f61a4fe0a42e72fa0be.jpg,"2 cups romaine lettuce - torn, washed and dried,1 cup torn escarole,1 cup torn radicchio,1 cup torn red leaf lettuce,12 cherry tomatoes,½ red bell pepper, sliced into rings,½ green bell pepper, sliced in rings,¼ cup chopped green onions,¼ cup grapeseed oil,¼ cup balsamic vinegar,2 tablespoons lemon juice,2 tablespoons chopped fresh basil,salt and pepper to taste",,15 mins,,6,,,15 mins,6 1-cup servings
,,,,,,"[{'Fat': '10g'}, {'Carbs': '10g'}, {'Protein': '1g'}]",,,,,,,
120,20 mins,,,https://www.allrecipes.com/thmb/GGm6tdFB9151Ufn3K2VO-bvrFKc=/1500x0/filters:no_upscale():max_bytes(150000):strip_icc()/237083-oven-baked-sweet-potato-fries-ddmfs-4x3-0058-f3cf4217c96948cf8abca9200b651997.jpg,"2 large sweet potatoes,3 tablespoons soybean oil (often labeled ""vegetable oil""),½ teaspoon sea salt,½ teaspoon freshly ground black pepper,¼ teaspoon garlic powder,¼ teaspoon paprika",,10 mins,,4,,,35 mins,
,,,,,,"[{'Fat': '0g'}, {'Carbs': '3g'}, {'Protein': '0g'}]",,,,,,,
13,10 mins,,,,"3 ½ cups water,1 ¼ cups white vinegar,1 tablespoon white sugar,1 tablespoon sea salt,4 cups cucumber spears,2 cloves garlic, whole,2 heads fresh dill",,10 mins,,12,,,3 days 20 mins,
,,,,,,"[{'Fat': '161g'}, {'Carbs': '1g'}, {'Protein': '73g'}]",,,,,,,
1757,2 hrs 20 mins,,,,"1 (4 pound) bone-in prime rib roast (room temperature),¼ cup unsalted butter, softened,1 tablespoon freshly ground black pepper,1 teaspoon herbes de Provence,kosher salt to taste",,10 mins,,4,,,4 hrs 30 mins,
,,,,,,"[{'Fat': '20g'}, {'Carbs': '50g'}, {'Protein': '24g'}]",,,,,,,
473,8 hrs,,,,"10 baby red potatoes, quartered,4 large carrots, peeled and cut into matchstick pieces,1 onion, peeled and cut into bite-sized pieces,4 cups water,1 (4 pound) corned beef brisket with spice packet,6 ounces beer,½ head cabbage, coarsely chopped",,15 mins,,8,,,8 hrs 15 mins,
,,,,,,"[{'Fat': '32g'}, {'Carbs': '1g'}, {'Protein': '31g'}]",,,,,,,
423,1 hr 15 mins,,,,"1 (3 pound) whole chicken, giblets removed,salt and black pepper to taste,1 tablespoon onion powder, or to taste,½ cup butter,1 stalk celery, leaves removed",,15 mins,,6,,,2 hrs,
,,,,,,"[{'Fat': '34g'}, {'Carbs': '55g'}, {'Protein': '27g'}]",,,,,,,
630,15 mins,,,,"1 (8 ounce) box elbow macaroni,¼ cup butter,¼ cup all-purpose flour,½ teaspoon salt,ground black pepper to taste,2 cups milk,2 cups shredded Cheddar cheese",,10 mins,,4,,,25 mins,4 servings
,,,,,,"[{'Fat': '24g'}, {'Carbs': '30g'}, {'Protein': '18g'}]",,,,,,,
412,50 mins,,,,"1 pound skinless, boneless chicken breast halves - cubed,1 cup sliced carrots,1 cup frozen green peas,½ cup sliced celery,⅓ cup butter,⅓ cup chopped onion,⅓ cup all-purpose flour,½ teaspoon salt,¼ teaspoon black pepper,¼ teaspoon celery seed,1 ¾ cups chicken broth,⅔ cup milk,2 (9 inch)  unbaked pie crusts",,20 mins,,8,,,1 hr 20 mins,1 9-inch pie
,,,,,,"[{'Fat': '23g'}, {'Carbs': '46g'}, {'Protein': '32g'}]",,,,,,,
528,5 hrs,,,,"1 teaspoon vegetable oil,1 (4 pound) pork shoulder roast,1 cup barbeque sauce,½ cup apple cider vinegar,½ cup chicken broth,¼ cup light brown sugar,1 tablespoon prepared yellow mustard,1 tablespoon Worcestershire sauce,1 tablespoon chili powder,1 extra large onion, chopped,2 large cloves garlic, crushed,1 ½ teaspoons dried thyme,8 hamburger buns, split,2 tablespoons butter, or as needed",,15 mins,,8,,,5 hrs 15 mins,8 sandwiches
,,,,,,"[{'Fat': '21g'}, {'Carbs': '37g'}, {'Protein': '30g'}]",,,,,,,
448,2 hrs 30 mins,,,,"1 pound sweet Italian sausage,¾ pound lean ground beef,½ cup minced onion,2 cloves garlic, crushed,1 (28 ounce) can crushed tomatoes,2 (6.5 ounce) cans canned tomato sauce,2 (6 ounce) cans tomato paste,½ cup water,2 tablespoons white sugar,4 tablespoons chopped fresh parsley, divided,1 ½ teaspoons dried basil leaves,1 ½ teaspoons salt, divided, or to taste,1 teaspoon Italian seasoning,½ teaspoon fennel seeds,¼ teaspoon ground black pepper,12 lasagna noodles,16 ounces ricotta cheese,1 egg,¾ pound mozzarella cheese, sliced,¾ cup grated Parmesan cheese",,30 mins,,12,,,3 hrs 15 mins,
,,,,,,"[{'Fat': '28g'}, {'Carbs': '0g'}, {'Protein': '1g'}]",,,,,,,
250,,,,https://www.allrecipes.com/thmb/spApAdZTkaD4fgOd6TSflm8iV8k=/1500x0/filters:no_upscale():max_bytes(150000):strip_icc()/9136839-whole-egg-mayonnaise-renrichter-4x3-1-9b9900ff18b14a1baef13a2a9fc5edde.jpg,"2 large eggs,2 tablespoons white vinegar,½ teaspoon dry mustard powder,¼ teaspoon salt,2 cups vegetable oil",,5 mins,,16,,,5 mins,
,,,,,,"[{'Fat': '30g'}, {'Carbs': '30g'}, {'Protein': '44g'}]",,,,,,,
576,4 hrs,,,,"2 pounds beef stew meat, cut into 1-inch pieces,¼ cup all-purpose flour,½ teaspoon salt,½ teaspoon ground black pepper,1 ½ cups beef broth,4 medium carrots, sliced,3 medium potatoes, diced,1 medium onion, chopped,1 stalk celery, chopped,1 teaspoon Worcestershire sauce,1 teaspoon ground paprika,1 clove garlic, minced,1 large bay leaf",,20 mins,,6,,,4 hrs 20 mins,6 servings
,,,,,,"[{'Fat': '8g'}, {'Carbs': '14g'}, {'Protein': '1g'}]",,,,,,,
131,,,,,"1 medium head cabbage, shredded,1 large red onion, diced,1 cup grated carrots,2 stalks celery, chopped,1 cup white sugar,1 cup white vinegar,¾ cup vegetable oil,1 tablespoon salt,1 tablespoon dry mustard,black pepper to taste",,30 mins,,20,,,30 mins,20 servings
,,,,,,,,,,,,,
,50 mins,,,https://www.allrecipes.com/thmb/Y27H5OTWhnRdiSkSymsoB9TBPBc=/1500x0/filters:no_upscale():max_bytes(150000):strip_icc()/Empanadas-Beef-Turnovers-215231-Beauty-4x3-78c4aff374e14de4a247672e17f6a6e2.jpg,"1 tablespoon Goya Extra Virgin Olive Oil,½ pound ground beef,½ medium yellow onion, finely chopped,¼ cup Goya Tomato Sauce,6 Goya Spanish Olives Stuffed with Minced Pimientos, thinly sliced,2 tablespoons Goya Sofrito,1 packet Sazon Goya with Coriander and Annatto,1 teaspoon Goya Minced Garlic,½ teaspoon Goya Dried Oregano,Goya Ground Black Pepper, to taste,1 (14 ounce) package yellow or white Goya Discos empanada discs, thawed,1 quart Goya Corn Oil, for frying",,45 mins,,4,,,1 hr 35 mins,20 empanadas
,,,,,,"[{'Fat': '37g'}, {'Carbs': '31g'}, {'Protein': '44g'}]",,,,,,,
602,15 mins,,,https://www.allrecipes.com/thmb/5y8KQNu5jxnagpdW1lR-i5Bxo44=/1500x0/filters:no_upscale():max_bytes(150000):strip_icc()/9426301-ccfa09cebf604e14a46f40fe298577a3.jpg,"1 (15 ounce) container ricotta cheese,1 (8 ounce) package shredded mozzarella cheese, divided,1 (3 ounce) package Parmesan cheese,1 egg,2 teaspoons Italian seasoning,1 pound sausage,½ (26 ounce) jar marinara sauce,6 flatbreads",,25 mins,,6,,,40 mins,6 servings
,,,,,,"[{'Fat': '20g'}, {'Carbs': '6g'}, {'Protein': '72g'}]",,,,,,,
503,1 hr,,,https://www.allrecipes.com/thmb/IqMaW-38vPhR9nTIqk4IdqX2AeE=/1500x0/filters:no_upscale():max_bytes(150000):strip_icc()/8508920-mississippi-chicken-ddmfs-1136-4x3-10c6a2d52b404c39869536c08a55bb56.jpg,"2 pounds skinless, boneless chicken breasts,1 (1 ounce) package dry ranch dressing mix (such as Hidden Valley Ranch),1 cup sliced and drained pepperoncini peppers,1/4 cup pepper juice (from jar of pepperoncini peppers),4 tablespoons unsalted butter, sliced,1/2 cup water",,5 mins,,4,,,1 hr 10 mins,
,,,,,,"[{'Fat': '48g'}, {'Carbs': '65g'}, {'Protein': '37g'}]",,,,,,,
845,45 mins,,,,"8 ounces uncooked elbow macaroni,¼ cup salted butter,3 tablespoons all-purpose flour,2 ½ cups milk, or more as needed,2 cups shredded sharp Cheddar cheese,½ cup finely grated Parmesan cheese,salt and ground black pepper to taste (Optional),2 tablespoons salted butter,½ cup dry bread crumbs,1 pinch ground paprika",,10 mins,,4,,,55 mins,
,,,,,,"[{'Fat': '20g'}, {'Carbs': '1g'}, {'Protein': '26g'}]",,,,,,,
294,35 mins,,,https://www.allrecipes.com/thmb/o-m-msm56D4GkieaBXgdeW0eRAI=/1500x0/filters:no_upscale():max_bytes(150000):strip_icc()/2930533-prosciutto-wrapped-pork-tenderloin-with-crispy-sage-hello-angie-4x3-1-a290eeae1f874874a153339d5398357a.jpg,"1 pound pork tenderloin,salt and ground black pepper to taste,1 bunch fresh sage, leaves removed and stems discarded, divided,6 ounces prosciutto,1 tablespoon olive oil, or more as needed",,10 mins,,4,,,50 mins,1 pound pork tenderloin
,,,,,,"[{'Fat': '15g'}, {'Carbs': '23g'}, {'Protein': '9g'}]",,,,,,,
269,5 mins,,,,"4 hot dog buns,4 hot dogs",,5 mins,,4,,,10 mins,
,,,,,,"[{'Fat': '1g'}, {'Carbs': '17g'}, {'Protein': '3g'}]",,,,,,,
80,15 mins,,,https://www.allrecipes.com/thmb/yoyd5Gew3w8t-Rt1ixnWnUAtyjk=/1500x0/filters:no_upscale():max_bytes(150000):strip_icc()/5595540-94f94440f7704fc09bf1efcba25574c2.jpg,"1 cup all-purpose flour,½ teaspoon paprika,¼ cup milk,1 egg, beaten,1 cup panko bread crumbs,1 ½ (16 ounce) jars spicy dill pickle spears, drained and patted dry,cooking spray",,15 mins,,12,,,30 mins,
,,,,,,"[{'Fat': '0g'}, {'Carbs': '3g'}, {'Protein': '1g'}]",,,,,,,
20,,,,https://www.allrecipes.com/thmb/ed9jyv4PugdWJyNtUf-ycl89ws8=/1500x0/filters:no_upscale():max_bytes(150000):strip_icc()/25887-horseradish-sauce-ddmfs-3X4-1540-b2997f68dcc5445eb17a5d9c770f20ad.jpg,"½ cup nonfat sour cream,3 tablespoons reduced-fat mayonnaise,2 tablespoons prepared horseradish,1 tablespoon cider vinegar,1 teaspoon mustard powder,⅛ teaspoon cayenne pepper",,5 mins,,8,,,5 mins,
,,,,,,"[{'Fat': '1g'}, {'Carbs': '2g'}, {'Protein': '8g'}]",,,,,,,
53,10 mins,,,,"¼ cup beef drippings,1 ½ tablespoons all-purpose flour,2 cups beef broth,salt and ground black pepper to taste",,5 mins,,4,,,15 mins,
,,,,,,"[{'Fat': '34g'}, {'Carbs': '83g'}, {'Protein': '26g'}]",,,,,,,
726,5 mins,,,,"1 all-beef hot dog,1 poppy seed hot dog bun,1 tablespoon yellow mustard,1 tablespoon sweet green pickle relish,1 tablespoon chopped onion,2 tomato wedges,1 dill pickle spear,2 sport peppers,1 dash celery salt",,10 mins,,1,,,15 mins,
,,,,,,"[{'Fat': '7g'}, {'Carbs': '30g'}, {'Protein': '3g'}]",,,,,,,
177,25 mins,,,,"1 medium butternut squash,2 tablespoons olive oil,2 cloves garlic, minced,salt and ground black pepper to taste",,15 mins,,4,,,40 mins,
,,,,,,"[{'Fat': '3g'}, {'Carbs': '4g'}, {'Protein': '1g'}]",,,,,,,
38,10 mins,,,,"2 zucchinis, quartered lengthwise,2 teaspoons olive oil,1 teaspoon Italian seasoning,½ teaspoon garlic powder,1 pinch salt,2 tablespoons balsamic vinegar",,5 mins,,4,,,15 mins,
,,,,,,"[{'Fat': '21g'}, {'Carbs': '35g'}, {'Protein': '25g'}]",,,,,,,
426,10 mins,,,https://www.allrecipes.com/thmb/ufNgjWaN-qVKKVzVD7MdbG7ZKpo=/1500x0/filters:no_upscale():max_bytes(150000):strip_icc()/6188893-c0d26b42691a4795b8a75b09e5c44392.jpg,"¾ cup water,¼ cup apple cider vinegar,2 tablespoons sriracha sauce,2 teaspoons white sugar,1 teaspoon oregano,1 teaspoon salt,1 (14 ounce) package classic coleslaw mix (such as Dole®),½ small red onion, thinly sliced,1 (12 ounce) bag tortilla chips,3 cups cooked pulled pork,2 cups shredded Cheddar cheese",,10 mins,,10,,,30 mins,10 servings
,,,,,,"[{'Fat': '21g'}, {'Carbs': '11g'}, {'Protein': '7g'}]",,,,,,,
244,,,,https://www.allrecipes.com/thmb/nKhTUceVBh2b-L4yK0mcyLTGM9c=/1500x0/filters:no_upscale():max_bytes(150000):strip_icc()/2710884-e6c05583f196410695aeaeadbad74eb5.jpg,"⅓ cup extra-virgin olive oil,¼ cup fresh lemon juice,1 teaspoon lemon zest,½ teaspoon salt,6 cups arugula,2 small fennel bulbs, cored and thinly sliced,30 grape tomatoes, halved,½ cup freshly grated Parmesan cheese,½ cup toasted pine nuts",,20 mins,,6,,,20 mins,
,,,,,,"[{'Fat': '10g'}, {'Carbs': '2g'}, {'Protein': '4g'}]",,,,,,,
117,15 mins,,,,"8 pickle spears,2 ounces cream cheese, chilled,8 slices bacon,¼ cup ranch dressing",,10 mins,,8,,,25 mins,8 pickles
,,,,,,"[{'Fat': '0g'}, {'Carbs': '4g'}, {'Protein': '1g'}]",,,,,,,
18,12 hrs 45 mins,,,https://www.allrecipes.com/thmb/UbeTCsYSsfsgm0uQKA8mS5be-aU=/1500x0/filters:no_upscale():max_bytes(150000):strip_icc()/7071802-cb4473d9309449bb96fcf6e5bbc52915.jpg,"3 ½ pounds beef bones, such as oxtail, short rib, knuckle, and shank,2 stalks celery, cut into 2-inch pieces,1 large onion, cut into 8 pieces,1 medium leek - roots trimmed off, cleaned, and cut into 2-inch pieces,1 whole head garlic, halved crosswise,12 cups water, or as needed,2 bay leaves, or more to taste,1 tablespoon white vinegar,1 teaspoon salt,1 teaspoon ground black pepper",,10 mins,,12,,,13 hrs 25 mins,
,,,,,,"[{'Fat': '18g'}, {'Carbs': '57g'}, {'Protein': '27g'}]",,,,,,,
496,15 mins,,,https://www.allrecipes.com/thmb/YvkbrgvZPegmOEtSRgbgELefm7E=/1500x0/filters:no_upscale():max_bytes(150000):strip_icc()/8349893-4572f0603c8340ea9fb56b955c56f79a.jpg,"1 (16 ounce) can baked beans (such as Bush's® Grillin' Beans®),8 (10 inch) soft flour tortillas,1 small onion, diced,1 pound cooked pulled pork, heated,1 (8 ounce) package shredded Monterey Jack cheese,1 (16 ounce) can mild enchilada sauce",,10 mins,,8,,,25 mins,8 burritos
,,,,,,"[{'Fat': '25g'}, {'Carbs': '12g'}, {'Protein': '2g'}]",,,,,,,
275,10 mins,,,https://www.allrecipes.com/thmb/9LvTw3GpNq2QW891CSDA41RViFU=/1500x0/filters:no_upscale():max_bytes(150000):strip_icc()/165386590149E23E2E-CD81-40D7-AF67-70387D4B7858-2000-08ee876e5a4a439697b95770271c86cc.jpeg,"1 cup self-rising flour,1.00 cup whole fat plain Greek yogurt,¼ teaspoon granulated garlic,¼ teaspoon Italian seasoning,1 pinch salt,1 tablespoon melted butter,1 tablespoon olive oil,½ teaspoon dried parsley,½ teaspoon garlic granules",,20 mins,,8,,,30 mins,8 garlic knots
,,,,,,"[{'Fat': '5g'}, {'Carbs': '49g'}, {'Protein': '13g'}]",,,,,,,
297,,,,https://www.allrecipes.com/thmb/_umODq-JnMzs-Que2Mmc0l_8vSU=/1500x0/filters:no_upscale():max_bytes(150000):strip_icc()/JF_266023_HomemadeLasagnaSheets_4x3_12693-7d3b6c0f6499449797a4d43f9e18de8a.jpg,"2 ¼ cups Italian-style tipo 00 flour, plus additional for dusting,3 large eggs,1 pinch salt,1 tablespoon water as needed",,40 mins,,4,,,1 hr 40 mins,
,,,,,,"[{'Fat': '7g'}, {'Carbs': '13g'}, {'Protein': '19g'}]",,,,,,,
196,45 mins,,,https://www.allrecipes.com/thmb/A57W5nuEJMp3lsK-bBAE4UgXTGE=/1500x0/filters:no_upscale():max_bytes(150000):strip_icc()/9146205-a19f1ef59363442c88f236bc8efc57c9.jpg,"2 cups whole milk,2 cups chicken broth,1 ¾ cups cooked pulled pork,2 tablespoons barbecue sauce,2 teaspoons chili powder,2 teaspoons ground black pepper,1 ½ teaspoons dried oregano,1 teaspoon salt,2 tablespoons dried parsley",,10 mins,,6,,,55 mins,6 servings
,,,,,,"[{'Fat': '16g'}, {'Carbs': '14g'}, {'Protein': '1g'}]",,,,,,,
204,,,,https://www.allrecipes.com/thmb/wRlOcaS6kTirRz-8_EzT3DMNsGM=/1500x0/filters:no_upscale():max_bytes(150000):strip_icc()/232311traditional-creamy-coleslawlutzflcat4x3-262880b4787e4a8da30065568e87d04c.jpg,"1 cup mayonnaise,¼ cup white sugar,2 tablespoons seasoned rice wine vinegar,1 ½ tablespoons lemon juice,1 tablespoon prepared horseradish,½ teaspoon onion powder,½ teaspoon dry mustard,½ teaspoon celery salt,½ teaspoon salt,½ teaspoon ground black pepper,1 (28 ounce) package coleslaw mix",,10 mins,,12,,,1 hr 10 mins,
,,,,,,"[{'Fat': '0g'}, {'Carbs': '26g'}, {'Protein': '5g'}]",,,,,,,
122,7 hrs 20 mins,,,https://www.allrecipes.com/thmb/GGG7anE488mfCzMFijdvL6M0T_M=/1500x0/filters:no_upscale():max_bytes(150000):strip_icc()/ALR-165249-baked-beans-from-scratch-VAT-4x3-3f47fbc5e1554dc4b34fa8a567f39dd1.jpg,"1 cup navy beans, soaked overnight and drained,4 cups water,¼ cup ketchup,¼ cup maple syrup,2 tablespoons brown sugar,2 tablespoons molasses,1 teaspoon Worcestershire sauce,½ teaspoon salt,⅛ teaspoon ground black pepper,⅛ teaspoon chili powder,1 small onion, chopped",,10 mins,,10,,,7 hrs 30 mins,5 cups
,,,,,,"[{'Fat': '6g'}, {'Carbs': '41g'}, {'Protein': '7g'}]",,,,,,,
239,30 mins,,,https://www.allrecipes.com/thmb/qnJLnc9xP-LYqvkLd0jG5eLKyWo=/1500x0/filters:no_upscale():max_bytes(150000):strip_icc()/1123424-6f439bc8b3e9468b895d38f5c6cc2760.jpg,"8 slices bacon,24 baby red potatoes,2 tablespoons olive oil, or as needed,cracked black pepper to taste,⅓ cup Caesar salad dressing,4 green onions, diced",,15 mins,,16,,,45 mins,
,,,,,,"[{'Fat': '12g'}, {'Carbs': '15g'}, {'Protein': '2g'}]",,,,,,,
173,,,,,"1 ¼ cups all-purpose flour,¼ teaspoon salt,½ cup butter, diced and then chilled,¼ cup ice cold water, or as needed",,15 mins,,8,,,4 hrs 15 mins,1 (9-inch) single pie crust
,,,,,,"[{'Fat': '18g'}, {'Carbs': '20g'}, {'Protein': '39g'}]",,,,,,,
413,7 hrs,,,,"4 pounds rump roast,1 (12 fluid ounce) can or bottle beer,1 (10.5 ounce) can condensed French onion soup,1 (10.5 ounce) can beef broth,9 French rolls,2 tablespoons butter",,10 mins,,9,,,7 hrs 10 mins,9 sandwiches
,,,,,,"[{'Fat': '18g'}, {'Carbs': '9g'}, {'Protein': '22g'}]",,,,,,,
288,10 mins,,,,"2 pounds ground beef,1 egg, beaten,¾ cup dry bread crumbs,3 tablespoons evaporated milk,2 tablespoons Worcestershire sauce,⅛ teaspoon cayenne pepper,2 cloves garlic, minced",,15 mins,,8,,,35 mins,8 servings
,,,,,,"[{'Fat': '12g'}, {'Carbs': '0g'}, {'Protein': '19g'}]",,,,,,,
190,1 hr,,,,"cooking spray,8 bone-in, skin-on chicken thighs,¼ teaspoon garlic salt,¼ teaspoon onion salt,¼ teaspoon dried oregano,¼ teaspoon ground thyme,¼ teaspoon ground paprika,¼ teaspoon ground black pepper",,10 mins,,8,,,1 hr 10 mins,
,,,,,,"[{'Fat': '7g'}, {'Carbs': '36g'}, {'Protein': '5g'}]",,,,,,,
203,,,,https://www.allrecipes.com/thmb/HZOCddZET_a5p2izXu58DStrLJE=/1500x0/filters:no_upscale():max_bytes(150000):strip_icc()/2254698-820b1dca6223417293be5de41939c331.jpg,"1 small red onion, halved and sliced into thin half-moons,2 tablespoons lime juice, or more to taste,2 tablespoons extra-virgin olive oil,1 seedless watermelon, cut into cubes,3 baby cucumbers, seeded and cut into cubes,1 cup crumbled feta cheese,½ cup mint leaves, sliced thinly",,15 mins,,10,,,25 mins,
,,,,,,"[{'Fat': '13g'}, {'Carbs': '30g'}, {'Protein': '6g'}]",,,,,,,
250,25 mins,,,,"2 ½ pounds potatoes, peeled and cubed,4 slices bacon,½ small head cabbage, chopped,1 large onion, chopped,½ cup milk,salt and pepper to taste,¼ cup butter, melted",,20 mins,,8,,,45 mins,
,,,,,,"[{'Fat': '7g'}, {'Carbs': '23g'}, {'Protein': '3g'}]",,,,,,,
172,45 mins,,,,"4 cups all-purpose flour,½ cup margarine or butter, softened,4 tablespoons white sugar,1 teaspoon baking soda,1 tablespoon baking powder,½ teaspoon salt,1 cup buttermilk,1 large egg,¼ cup butter, melted,¼ cup buttermilk",,15 mins,,20,,,1 hr,1 loaf
,,,,,,"[{'Fat': '15g'}, {'Carbs': '16g'}, {'Protein': '30g'}]",,,,,,,
348,2 hrs 25 mins,,,https://www.allrecipes.com/thmb/_SrwidTwWV7j8hPjiFjKa1N2bEc=/1500x0/filters:no_upscale():max_bytes(150000):strip_icc()/158799stout-braised-lamb-shanksChargerFan4x3-3825bd967f194ec6bc82764210b9c6ea.jpg,"1 tablespoon vegetable oil,4 lamb shanks,1 onion, chopped,4 cloves garlic, chopped,2 carrots, chopped,2 celery ribs, chopped,2 tablespoons tomato paste,1 (14 ounce) can beef broth,1 (12 fluid ounce) bottle stout (such as Guinness®) or porter,3 sprigs fresh thyme,3 sprigs fresh parsley,1 bay leaf,1 sprig fresh rosemary,salt and pepper to taste",,25 mins,,4,,,2 hrs 50 mins,4 lamb shanks
,,,,,,"[{'Fat': '26g'}, {'Carbs': '28g'}, {'Protein': '28g'}]",,,,,,,
465,5 hrs,,,https://www.allrecipes.com/thmb/IYTneFhv_Jdc_yJvg3kJEgUnpxk=/1500x0/filters:no_upscale():max_bytes(150000):strip_icc()/7918132-37d78f46517b4941bb4cad2989be2b2e.jpg,"1 (5 1/2 pound) corned beef brisket with spice packet,7 small potatoes, peeled and diced,4 medium carrots, peeled and diced,1 medium onion, diced,3 cloves garlic, chopped",,15 mins,,8,,,5 hrs 15 mins,
,,,,,,"[{'Fat': '0g'}, {'Carbs': '20g'}, {'Protein': '3g'}]",,,,,,,
94,35 mins,,,,"1 tablespoon cornmeal,6 cups all-purpose flour,2 ½ (.25 ounce) packages active dry yeast,1 ½ teaspoons salt,2 cups warm water (110 degrees F/45 degrees C),1 egg white,1 tablespoon water",,25 mins,,30,,,2 hrs 45 mins,2 large loaves
,,,,,,"[{'Fat': '27g'}, {'Carbs': '15g'}, {'Protein': '9g'}]",,,,,,,
336,15 mins,,,,"1 (12 ounce) package uncooked tri-color rotini pasta,10 slices bacon,1 cup mayonnaise,3 tablespoons dry ranch salad dressing mix,½ teaspoon garlic pepper,¼ teaspoon garlic powder,½ cup milk, or as needed,1 large tomato, chopped,1 (4.25 ounce) can sliced black olives,1 cup shredded sharp Cheddar cheese",,10 mins,,10,,,1 hr 25 mins,
,,,,,,"[{'Fat': '10g'}, {'Carbs': '31g'}, {'Protein': '28g'}]",,,,,,,
324,1 hr 30 mins,,,https://www.allrecipes.com/thmb/79eN3zZLzZ0GL1BOIUSZGuKKWEM=/1500x0/filters:no_upscale():max_bytes(150000):strip_icc()/chicken-al-pastor-ddmfs-0831-4x3-1-07333bb010104b059996d70da5c02be0.jpg,"4 dried guajillo chiles, stemmed and seeded,2 tablespoons achiote paste,6 large cloves garlic, peeled,1 (7 ounce) can chipotle peppers in adobo sauce, drained,1 ⅓ cups finely chopped onion, divided,⅔ cup orange juice,3 tablespoons apple cider vinegar,3 tablespoons olive oil,1 tablespoon ground cumin,1 tablespoon light brown sugar,1 teaspoon kosher salt,3 pounds skinless, boneless chicken thighs, cut in half,8 (12-inch) jumbo wooden skewers,1 large fresh pineapple - peeled, cored, and sliced,20 (6 inch) corn tortillas,¼ cup roughly chopped fresh cilantro",,,,10,,,10 hrs 10 mins,20 tacos
,,,,,,"[{'Fat': '10g'}, {'Carbs': '29g'}, {'Protein': '5g'}]",,,,,,,
227,15 mins,,,https://www.allrecipes.com/thmb/CkVb4YNLrP2iEn-1OHLVsHxQ-Ss=/1500x0/filters:no_upscale():max_bytes(150000):strip_icc()/321513-dcbe9b8e21074597961c14c9ae4ab803.jpg,"1 ½ cups grated raw potatoes,1 cup all-purpose flour,1 cup leftover mashed potatoes,1 large egg,1 tablespoon skim milk,salt and pepper to taste,¼ cup olive oil",,15 mins,,6,,,30 mins,
,,,,,,"[{'Fat': '21g'}, {'Carbs': '32g'}, {'Protein': '47g'}]",,,,,,,
511,20 mins,,,https://www.allrecipes.com/thmb/zZqEslmLznOTHeSg1KhtbhUgQRs=/1500x0/filters:no_upscale():max_bytes(150000):strip_icc()/1421993-easy-chicken-and-broccoli-alfredo-Breanna-Dean-4x3-1-ca264a6d14be41fa8bccec3edf4bbc5e.jpg,"8 ounces fettuccine, uncooked,2 cups fresh broccoli florets,¼ cup Kraft Zesty Italian Dressing,1 pound boneless skinless chicken breasts, cut into bite-sized pieces,1 ⅔ cups milk,4 ounces Philadelphia Cream Cheese, cubed,¼ cup Kraft Grated Parmesan Cheese,½ teaspoon dried basil leaves",,10 mins,,4,,,30 mins,
,,,,,,"[{'Fat': '19g'}, {'Carbs': '52g'}, {'Protein': '2g'}]",,,,,,,
373,1 hr,,,,"8 small Granny Smith apples, or as needed,½ cup unsalted butter,3 tablespoons all-purpose flour,½ cup white sugar,½ cup packed brown sugar,¼ cup water,1 (9 inch) double-crust pie pastry, thawed",,30 mins,,8,,,1 hr 30 mins,1 9-inch pie
,,,,,,"[{'Fat': '17g'}, {'Carbs': '53g'}, {'Protein': '3g'}]",,,,,,,
366,50 mins,,,,"¾ cup white sugar,3 tablespoons cornstarch,½ teaspoon ground cinnamon,¼ teaspoon salt,4 cups fresh blueberries,1 (14.1 ounce) package double-crust pie pastry, thawed,1 tablespoon butter",,25 mins,,8,,,1 hr 15 mins,1 pie
,,,,,,"[{'Fat': '6g'}, {'Carbs': '23g'}, {'Protein': '3g'}]",,,,,,,
153,40 mins,,,https://www.allrecipes.com/thmb/c7lWdQWcqRYL4b7i8L8mH0dvEoY=/1500x0/filters:no_upscale():max_bytes(150000):strip_icc()/308100-abcc383d1bcf4535bbee7d3cd6383525.jpg,"⅓ cup warm water (110 degrees F/45 degrees C),2 (.25 ounce) packages active dry yeast,4 cups all-purpose flour,½ cup warm milk,⅔ cup white sugar,4 large eggs,2 large egg yolks,1 teaspoon vanilla extract,12 tablespoons unsalted butter,2 cups candied mixed fruit,2 ½ teaspoons grated lemon zest,2 tablespoons orange zest,2 tablespoons butter, melted,1 egg yolk,1 tablespoon cream,3 (7 x 4-inch) round paper panettone molds",,20 mins,,36,,,4 hrs,3 panettone loaves
,,,,,,"[{'Fat': '27g'}, {'Carbs': '65g'}, {'Protein': '5g'}]",,,,,,,
512,50 mins,,,,"1 ¾ cups white sugar,¼ cup dark corn syrup,¼ cup butter,1 tablespoon cold water,2 teaspoons cornstarch,3 large eggs,¼ teaspoon salt,1 teaspoon vanilla extract,1 ¼ cups chopped pecans,1 (9 inch) unbaked pie shell",,10 mins,,8,,,1 hr,1 (9-inch) pie
,,,,,,"[{'Fat': '19g'}, {'Carbs': '72g'}, {'Protein': '9g'}]",,,,,,,
490,5 mins,,,,"1 ½ cups white sugar,3 egg yolks, beaten,½ cup unsweetened cocoa powder,3 tablespoons cornstarch,½ teaspoon salt,3 cups milk,1 tablespoon butter,1 ½ teaspoons vanilla extract,1 (9 inch) pie crust, baked,1 cup frozen whipped topping, thawed",,15 mins,,8,,,2 hrs 20 mins,1 (9-inch) pie
,,,,,,"[{'Fat': '19g'}, {'Carbs': '49g'}, {'Protein': '7g'}]",,,,,,,
390,10 mins,,,,"4 cups uncooked elbow macaroni,1 cup mayonnaise,⅔ cup white sugar,¼ cup distilled white vinegar,2 ½ tablespoons prepared yellow mustard,1 ½ teaspoons salt,½ teaspoon ground black pepper,2 stalks celery, chopped,1 large onion, chopped,1 green bell pepper, seeded and chopped,¼ cup grated carrot (Optional),2 tablespoons chopped pimento peppers (Optional)",,20 mins,,10,,,4 hrs 30 mins,
,,,,,,"[{'Fat': '31g'}, {'Carbs': '32g'}, {'Protein': '24g'}]",,,,,,,
493,25 mins,,,https://www.allrecipes.com/thmb/gCOIms9E_JosdVxZASH4gAfFREs=/1500x0/filters:no_upscale():max_bytes(150000):strip_icc()/872327-07812617aa90464aaad79fd64e5c744c.jpg,"1 pound potatoes, peeled and chopped,1 tablespoon canola oil,1 pound ground beef,1 large onion, finely chopped,1 red bell pepper, finely chopped,2 cloves garlic, finely chopped,1 (14 ounce) can beef broth,2 tablespoons ketchup,1 tablespoon soy sauce,1 tablespoon Worcestershire sauce,1 teaspoon mild curry powder,1 tablespoon cornstarch,2 tomatoes, coarsely chopped,1 (16 ounce) package frozen mixed peas and carrots,¼ cup milk,1 tablespoon butter,1 cup shredded extra-sharp Cheddar cheese,salt and pepper to taste",,20 mins,,6,,,45 mins,6 servings
,,,,,,"[{'Fat': '13g'}, {'Carbs': '29g'}, {'Protein': '7g'}]",,,,,,,
261,10 mins,,,https://www.allrecipes.com/thmb/KUbfCildUBjVnxb73e4l0_VYwoY=/1500x0/filters:no_upscale():max_bytes(150000):strip_icc()/7961095-0e0f1a50796742d9823969a5cef0fc11.jpg,"1 ½ cups grated raw potatoes,1 cup all-purpose flour,½ cup shredded Cheddar cheese,1 cup leftover mashed potatoes,¼ teaspoon salt,¼ teaspoon ground black pepper,1 egg,2 tablespoons ranch dressing,1 tablespoon milk,2 tablespoons vegetable oil",,15 mins,,6,,,25 mins,6 servings
,,,,,,"[{'Fat': '25g'}, {'Carbs': '6g'}, {'Protein': '20g'}]",,,,,,,
363,20 mins,,,https://www.allrecipes.com/thmb/tHwl3UcNUrKCNu5lqTeJw3lo41s=/1500x0/filters:no_upscale():max_bytes(150000):strip_icc()/808014-558438b8b0774b55b1f48c59accb8d64.jpg,"3 tablespoons butter,2 tablespoons vegetable oil,1 onion, chopped,4 (4 ounce) beef top sirloin steaks,1 clove garlic, cut in half lengthwise,¼ cup Irish whiskey (such as Jameson®),salt and ground black pepper to taste,2 tablespoons chopped fresh flat-leaf parsley",,15 mins,,4,,,35 mins,
,,,,,,"[{'Fat': '42g'}, {'Carbs': '54g'}, {'Protein': '35g'}]",,,,,,,
724,15 mins,,,,"6 thick slices bacon,2 tablespoons butter or margarine,4 eggs,2 small tomatoes, sliced,1 ½ cups whole mushrooms,4 slices prepared soda bread",,5 mins,,2,,,20 mins,
,,,,,,"[{'Fat': '8g'}, {'Carbs': '38g'}, {'Protein': '12g'}]",,,,,,,
276,30 mins,,,,"½ pound Irish bacon, diced,2 large potatoes, peeled and cubed,1 (15 ounce) can diced tomatoes with juice,1 cup chicken stock, or as needed,Salt and black pepper to taste,2 cups thinly sliced dark green Savoy cabbage leaves",,15 mins,,4,,,45 mins,
